HomeTeam,Season,SAG_GA,SAG_PKA,SAG_FK,SAG_CK,SAG_OG,SAG_PSxG,SAG_PSxG/SoT,SAG_PSxG+/-,SAG_/90,SAG_Cmp,SAG_Att,SAG_Cmp%,SAG_Att,SAG_Thr,SAG_Launch%,SAG_AvgLen,SAG_G+A-PK,SAG_Launch%,SAG_AvgLen,SAG_Opp,SAG_Stp,SAG_Stp%,SAG_#OPA,SAG_#OPA/90,SAG_AvgDist,SDA_Tkl,SDA_TklW,SDA_Def3rd,SDA_Mid3rd,SDA_Att3rd,SDA_Tkl,SDA_Att,SDA_Tkl%,SDA_Past,SDA_Blocks,SDA_Sh,SDA_Pass,SDA_Int,SDA_Tkl+Int,SDA_Clr,SDA_Err,SGSC_SCA,SGSC_SCA90,SGSC_PassLive,SGSC_PassDead,SGSC_Drib,SGSC_Sh,SGSC_Fld,SGSC_Def,SGSC_GCA,SGSC_GCA90,SGSC_PassLive,SGSC_PassDead,SGSC_Drib,SGSC_Sh,SGSC_Fld,SGSC_Def,SM_CrdY,SM_CrdR,SM_2CrdY,SM_Fls,SM_Fld,SM_Off,SM_Crs,SM_Int,SM_TklW,SM_PKwon,SM_PKcon,SM_OG,SM_Recov,SM_Won,SM_Lost,SM_Won%,PT_Att,PT_Live,PT_Dead,PT_FK,PT_TB,PT_Sw,PT_Crs,PT_TI,PT_CK,PT_In,PT_Out,PT_Str,PT_Cmp,PT_Off,PT_Blocks,P_Cmp,P_Att,P_Cmp%,P_TotDist,P_PrgDist,P_Cmp,P_Att,P_Cmp%,P_Cmp,P_Att,P_Cmp%,P_Cmp,P_Att,P_Cmp%,P_Ast,P_xAG,P_xA,P_A-xAG,P_KP,P_1/3,P_PPA,P_CrsPA,P_Prog,SPT_Age,SPT_MP,SPT_Mn/MP,SPT_Min%,SPT_90s,SPT_Start,SPT_Mn/Start,SPT_Compl,SPT_Subs,SPT_Mn/Sub,SPT_unSub,SPT_PPM,SPT_onG,SPT_onGA,SPT_+/-,SPT_+/-90,SPT_onxG,SPT_onxGA,SPT_xG+/-,SPT_xG+/-90,SP_Poss,SP_90s,SP_Touches,SP_DefPen,SP_Def3rd,SP_Mid3rd,SP_Att3rd,SP_AttPen,SP_Live,SP_Succ,SP_Att,SP_Succ%,SP_Mis,SP_Dis,SP_Rec,SP_Prog,SS_Gls,SS_Sh,SS_SoT,SS_SoT%,SS_Sh/90,SS_SoT/90,SS_G/Sh,SS_G/SoT,SS_Dist,SS_FK,SS_PK,SS_PKatt,SS_xG,SS_npxG,SS_npxG/Sh,SS_G-xG,SS_np:G-xG,SSS_Age,SSS_Poss,SSS_MP,SSS_Starts,SSS_90s,SSS_Gls,SSS_Ast,SSS_G-PK,SSS_PK,SSS_PKatt,SSS_CrdY,SSS_CrdR,SSS_Gls,SSS_Ast,SSS_G+A,SSS_G-PK,SSS_G+A-PK,SSS_xG,SSS_npxG,SSS_xAG,SSS_npxG+xAG,SSS_xG,SSS_xAG,SSS_xG+xAG,SSS_npxG,SSS_npxG+xAG,RS_xG,RS_xGA,RS_xGD,RS_xGD/90
Arsenal,2022,11,1,0,1,1,10.2,0.25,0.2,0.02,49,167,29.3,349,71,36.7,34.5,58,67.2,53.8,147,8,5.4,15,1.07,15.2,206,128,94,69,43,88,162,54.3,74,131,33,98,108,314,238,11,390,27.86,288,32,19,29,15,7,57,4.07,46,4,0,6,1,0,23,0,0,139,155,19,230,108,128,1,2,1,737,154,190,44.8,7829,7221,589,190,16,37,230,232,77,57,4,0,6539,19,114,6539,7829,83.5,113556,38500,2995,3299,90.8,2842,3206,88.6,560,965,58,24,18.3,15.6,5.7,164,587,155,25,488,24.8,14,90,100,14,154,85,100,55,13,71,2.64,33,11,22,1.57,26.2,11.8,14.3,1.02,57.8,14,9310,705,2351,4321,2716,456,9309,127,270,47,220,161,6437,468,32,221,77,34.8,15.79,5.5,0.14,0.4,15.9,7,1,1,26.2,25.7,0.12,5.8,5.3,24.8,57.8,14,154,14,32,24,31,1,1,23,0,2.29,1.71,4,2.21,3.93,26.2,25.7,18.3,44,1.87,1.31,3.18,1.84,3.14,26.2,11.8,14.3,1.02
Aston Villa,2022,22,2,1,3,3,18,0.25,-1,-0.07,76,220,34.5,414,57,40.3,35.5,98,54.1,43.8,185,27,14.6,7,0.47,10.8,287,149,142,113,32,129,225,57.3,96,188,50,138,142,429,249,4,282,18.8,217,17,15,16,13,4,27,1.8,17,0,2,4,3,1,37,1,0,179,180,31,252,142,149,2,3,3,763,204,213,48.9,6819,6098,690,195,18,40,252,294,65,38,11,2,5296,31,126,5296,6819,77.7,94085,34760,2380,2728,87.2,2226,2625,84.8,545,1080,50.5,9,12.3,10.9,-3.3,114,415,96,31,355,27.5,15,90,100,15,165,83,105,59,20,76,1.2,16,22,-6,-0.4,17.7,19.3,-1.6,-0.1,47.5,15,8387,977,2813,3732,1920,269,8384,77,203,37.9,234,136,5207,347,16,162,56,34.6,10.8,3.73,0.09,0.25,18.7,6,2,2,17.7,16.2,0.1,-1.7,-2.2,27.5,47.5,15,165,15,16,9,14,2,2,37,1,1.07,0.6,1.67,0.93,1.53,17.7,16.2,12.3,28.6,1.18,0.82,2,1.08,1.9,17.7,19.3,-1.6,-0.1
Bournemouth,2022,32,5,0,9,2,26.5,0.3,-3.5,-0.23,113,240,47.1,309,63,46.9,37.3,143,66.4,47.9,312,15,4.8,8,0.53,10.7,249,156,123,103,23,100,203,49.3,103,186,74,112,109,358,411,1,211,14.07,155,19,12,14,8,3,31,2.07,21,3,0,5,1,1,24,0,0,158,159,12,186,109,156,0,5,2,728,196,217,47.5,5827,5109,706,184,11,31,186,276,54,33,10,3,4418,12,134,4418,5827,75.8,79186,32738,1990,2313,86,1827,2180,83.8,464,947,49,14,9.5,9.4,4.5,97,297,81,26,258,26.8,15,90,100,15,165,85,115,51,16,84,1.07,18,32,-14,-0.93,11.6,24.2,-12.6,-0.84,38.5,15,7468,1142,3141,2967,1472,240,7468,89,231,38.5,224,161,4357,249,18,122,48,39.3,8.13,3.2,0.15,0.38,15.7,4,0,0,11.6,11.6,0.1,6.4,6.4,26.8,38.5,15,165,15,18,14,18,0,0,24,0,1.2,0.93,2.13,1.2,2.13,11.6,11.6,9.5,21.1,0.77,0.63,1.4,0.77,1.4,11.6,24.2,-12.6,-0.84
Brentford,2022,25,1,0,7,2,21.4,0.24,-1.6,-0.11,129,321,40.2,525,74,45.7,37.9,120,67.5,51.3,219,22,10,23,1.53,16.1,225,132,102,86,37,100,199,50.3,99,174,73,101,138,363,303,6,267,17.8,176,40,11,17,19,4,40,2.67,24,4,1,3,6,2,21,0,0,129,161,26,254,138,132,3,1,2,734,243,214,53.2,6221,5487,708,181,19,46,254,292,71,33,20,5,4608,26,105,4608,6221,74.1,84717,34358,2122,2500,84.9,1806,2235,80.8,565,1132,49.9,12,12.9,11.4,-0.9,109,364,106,29,310,26.5,15,90,100,15,165,81,95,70,21,65,1.27,23,25,-2,-0.13,20.3,20.3,0,0,44.7,15,7805,1042,2942,3054,1869,306,7801,85,222,38.3,221,151,4528,302,23,152,58,38.2,10.13,3.87,0.13,0.33,15.8,5,4,4,20.3,17.3,0.12,2.7,1.7,26.5,44.7,15,165,15,23,12,19,4,4,21,0,1.53,0.8,2.33,1.27,2.07,20.3,17.3,12.9,30.2,1.35,0.86,2.22,1.15,2.01,20.3,20.3,0,0
Brighton,2022,19,4,0,2,3,15.5,0.24,-0.5,-0.04,48,165,29.1,382,63,31.7,33.6,94,46.8,41.4,148,10,6.8,8,0.57,14.1,242,138,104,96,42,91,173,52.6,82,155,35,120,132,374,194,5,338,24.14,258,28,15,19,13,5,34,2.43,25,0,3,2,4,0,19,0,0,154,137,23,269,132,138,3,4,3,725,167,169,49.7,7596,6901,672,157,29,62,269,290,90,44,30,2,6145,23,141,6145,7596,80.9,107830,36780,2789,3133,89,2590,2986,86.7,603,1069,56.4,11,15.7,15,-4.7,152,515,142,32,439,27.6,14,90,100,14,154,85,104,51,16,75,1.5,23,19,4,0.29,21.5,15.9,5.6,0.4,55.4,14,9031,893,2750,3846,2497,370,9028,76,206,36.9,224,118,6057,430,20,192,69,35.9,13.71,4.93,0.09,0.25,17,5,3,3,21.5,19.3,0.1,-1.5,-2.3,27.6,55.4,14,154,14,20,11,17,3,3,19,0,1.43,0.79,2.21,1.21,2,21.5,19.3,15.7,35,1.53,1.12,2.66,1.38,2.5,21.5,15.9,5.6,0.4
Chelsea,2022,17,0,0,4,2,19.4,0.33,4.4,0.32,45,134,33.6,365,62,23.6,28.5,103,46.6,35.6,188,10,5.3,26,1.86,17,263,149,109,107,47,125,214,58.4,89,160,36,124,130,393,248,5,283,20.21,231,21,8,12,8,3,32,2.29,26,1,1,1,3,0,34,2,2,144,160,27,236,130,149,2,0,2,760,191,183,51.1,8144,7426,691,174,20,59,236,306,75,42,23,1,6721,27,144,6721,8144,82.5,110776,37419,3388,3758,90.2,2626,2999,87.6,522,940,55.5,12,11.6,10.9,0.4,124,518,128,29,422,27.8,14,90,100,14,154,80,89,63,23,63,1.5,17,17,0,0,15.4,19.3,-3.9,-0.28,58.1,14,9638,887,2859,4329,2525,335,9636,90,240,37.5,215,152,6650,410,17,154,52,33.8,11,3.71,0.1,0.29,17,2,2,2,15.4,13.9,0.09,1.6,1.1,27.8,58.1,14,154,14,17,12,15,2,2,34,2,1.21,0.86,2.07,1.07,1.93,15.4,13.9,11.6,25.5,1.1,0.83,1.93,1,1.82,15.4,19.3,-3.9,-0.28
Crystal Palace,2022,18,0,0,2,1,15.8,0.29,-1.2,-0.09,58,142,40.8,339,74,28.3,30.5,114,40.4,32.6,213,17,8,19,1.36,13.8,247,148,138,78,31,98,178,55.1,80,171,51,120,114,361,303,1,278,19.86,198,21,23,14,18,4,26,1.86,18,2,3,1,1,1,32,0,0,169,187,18,177,114,148,1,0,1,757,176,172,50.6,6733,6034,681,208,9,54,177,270,57,24,17,2,5383,18,120,5383,6733,79.9,95563,34414,2439,2752,88.6,2303,2639,87.3,513,1009,50.8,13,10.8,8.1,2.2,120,363,75,11,314,27.6,14,90,100,14,154,84,102,52,18,74,1.36,15,18,-3,-0.21,14,18.3,-4.3,-0.31,47.8,14,8305,1044,3089,3590,1717,261,8303,124,275,45.1,245,189,5333,307,14,152,52,34.2,10.86,3.71,0.09,0.27,18.2,9,0,2,14,12.4,0.08,0,1.6,27.6,47.8,14,154,14,14,13,14,0,2,32,0,1,0.93,1.93,1,1.93,14,12.4,10.8,23.2,1,0.77,1.78,0.88,1.66,14,18.3,-4.3,-0.31
Everton,2022,17,2,0,2,0,20.9,0.24,3.9,0.26,109,301,36.2,403,75,50.9,39.5,139,69.1,51.5,258,7,2.7,22,1.47,14.7,290,175,152,109,29,110,187,58.8,77,200,74,126,145,435,361,9,271,18.07,201,26,7,21,12,4,17,1.13,14,1,1,1,0,0,33,0,0,142,145,27,239,145,175,0,2,0,774,186,228,44.9,6509,5782,700,168,23,53,239,290,71,52,16,0,5001,27,118,5001,6509,76.8,92651,33571,2179,2498,87.2,2105,2468,85.3,609,1220,49.9,8,11.1,9.8,-3.1,112,376,91,26,283,26.6,15,90,100,15,165,84,115,50,20,85,0.93,11,17,-6,-0.4,15.4,25.4,-10,-0.66,44.8,15,8234,1073,3067,3441,1813,282,8234,85,235,36.2,258,131,4940,274,10,157,51,32.5,10.47,3.4,0.06,0.2,16.6,3,0,0,15.4,15.4,0.1,-5.4,-5.4,26.6,44.8,15,165,15,10,8,10,0,0,33,0,0.67,0.53,1.2,0.67,1.2,15.4,15.4,11.1,26.5,1.03,0.74,1.77,1.03,1.77,15.4,25.4,-10,-0.66
Fulham,2022,26,3,0,4,0,26.6,0.3,0.6,0.04,70,198,35.4,428,80,36.2,32.7,103,41.7,37.6,193,15,7.8,21,1.4,15,247,138,119,90,38,116,194,59.8,78,185,54,131,108,355,285,4,319,21.27,228,38,12,24,16,1,39,2.6,23,5,3,5,3,0,36,1,0,145,133,22,290,108,138,4,3,0,741,226,212,51.6,6592,5873,697,167,7,54,290,304,77,31,31,0,5004,22,162,5004,6592,75.9,92319,33150,2083,2453,84.9,2249,2683,83.8,554,1068,51.9,14,11.3,8.5,2.7,133,368,109,36,321,28.7,15,90,100,15,165,84,108,56,16,79,1.27,24,26,-2,-0.13,19.6,27.3,-7.6,-0.51,45.7,15,8150,981,2788,3476,1973,298,8145,76,201,37.8,232,136,4928,315,22,177,59,33.3,11.8,3.93,0.1,0.31,16.2,6,4,5,19.6,15.8,0.09,2.4,2.2,28.7,45.7,15,165,15,22,14,18,4,5,36,1,1.47,0.93,2.4,1.2,2.13,19.6,15.8,11.3,27,1.31,0.75,2.06,1.05,1.8,19.6,27.3,-7.6,-0.51
Leeds,2022,26,1,1,4,1,21.3,0.3,-3.7,-0.26,30,177,16.9,325,76,39.4,33.9,97,50.5,41.9,175,11,6.3,23,1.64,15.7,330,185,149,135,46,152,306,49.7,154,174,43,131,145,475,249,5,306,21.86,223,37,8,16,16,6,30,2.14,18,2,1,6,2,1,29,2,2,179,139,19,243,145,185,1,1,1,809,206,200,50.7,6785,6041,725,163,13,36,243,348,76,32,32,3,5107,19,155,5107,6785,75.3,83864,32474,2437,2845,85.7,2063,2520,81.9,391,938,41.7,14,13.5,9.8,0.5,140,450,104,19,417,25.6,14,90,100,14,154,82,95,59,20,67,1.07,22,26,-4,-0.29,20.3,20.2,0.1,0.01,51,14,8400,781,2662,3676,2141,286,8398,94,243,38.7,220,138,5023,408,21,180,58,32.2,12.86,4.14,0.11,0.34,17.4,8,1,2,20.3,18.8,0.11,0.7,1.2,25.6,51,14,154,14,21,14,20,1,2,29,2,1.5,1,2.5,1.43,2.43,20.3,18.8,13.5,32.2,1.45,0.96,2.42,1.34,2.3,20.3,20.2,0.1,0.01
Leicester,2022,25,1,2,3,1,20.7,0.3,-3.3,-0.22,49,175,28,455,96,28.4,30.2,107,43,36.3,212,12,5.7,23,1.53,15.2,268,159,132,110,26,120,218,55,98,177,49,128,146,414,298,3,300,20,239,13,11,15,16,6,41,2.73,30,1,1,4,4,1,19,0,0,149,150,22,191,146,159,2,1,1,773,184,222,45.3,8145,7469,654,178,23,38,191,277,52,31,11,2,6667,22,131,6667,8145,81.9,111706,37982,3157,3534,89.3,2784,3176,87.7,528,998,52.9,17,14.2,11.3,2.8,133,529,103,22,418,27,15,90,100,15,165,83,113,52,21,83,1.13,25,25,0,0,17.6,22.2,-4.6,-0.31,50.5,15,9717,1040,3354,4485,1945,265,9715,66,188,35.1,224,130,6596,410,23,167,65,38.9,11.13,4.33,0.13,0.34,18.7,6,1,2,17.6,16,0.1,5.4,6,27,50.5,15,165,15,23,17,22,1,2,19,0,1.53,1.13,2.67,1.47,2.6,17.6,16,14.2,30.2,1.17,0.95,2.12,1.07,2.01,17.6,22.2,-4.6,-0.31
Liverpool,2022,17,2,0,0,0,24.6,0.35,7.6,0.54,46,107,43,441,89,20,27.3,73,26,31.3,151,5,3.3,25,1.79,19.3,201,126,90,83,28,83,182,45.6,99,131,30,101,123,324,205,4,416,29.71,305,40,22,35,9,5,47,3.36,33,4,3,5,1,1,12,1,0,121,116,29,326,123,126,0,3,0,833,180,189,48.8,9241,8517,695,143,31,74,326,343,105,27,71,0,7528,29,158,7528,9241,81.5,134946,46265,3317,3729,89,3190,3670,86.9,812,1341,60.6,21,19.1,19.8,1.9,185,638,176,36,575,28.2,14,90,100,14,154,81,94,59,22,67,1.57,28,17,11,0.79,24.2,19.5,4.7,0.34,62.1,14,10658,886,3059,4995,2659,487,10658,92,222,41.4,225,174,7441,562,26,240,87,36.3,17.14,6.21,0.11,0.3,15.5,1,0,0,24.2,24.2,0.1,1.8,1.8,28.2,62.1,14,154,14,26,21,26,0,0,12,1,1.86,1.5,3.36,1.86,3.36,24.2,24.2,19.1,43.3,1.73,1.36,3.09,1.73,3.09,24.2,19.5,4.7,0.34
Man City,2022,14,2,1,1,1,11.8,0.26,-1.2,-0.09,34,88,38.6,461,63,16.3,26.8,63,20.6,29.4,107,11,10.3,21,1.5,17.2,175,102,67,77,31,90,151,59.6,61,117,26,91,91,266,119,3,452,32.29,353,37,12,33,13,4,74,5.29,63,3,1,3,4,0,11,1,0,108,116,21,307,91,102,3,2,1,699,187,136,57.9,10151,9584,546,137,33,93,307,210,102,31,45,1,8891,21,113,8891,10151,87.6,153413,44955,4135,4444,93,3803,4178,91,783,1126,69.5,32,20.6,22.5,11.4,195,707,201,38,566,27.7,14,90,100,14,154,84,106,47,19,79,2.29,40,14,26,1.86,27.6,11.2,16.4,1.17,66.1,14,11302,735,2638,5466,3269,511,11299,111,240,46.3,148,112,8770,556,39,244,84,34.4,17.43,6,0.15,0.43,17.1,6,3,3,27.6,25.3,0.11,11.4,10.7,27.7,66.1,14,154,14,39,32,36,3,3,11,1,2.79,2.29,5.07,2.57,4.86,27.6,25.3,20.6,45.9,1.97,1.47,3.45,1.8,3.28,27.6,11.2,16.4,1.17
Man United,2022,20,1,1,3,0,16.3,0.27,-3.7,-0.27,49,176,27.8,352,50,33.5,33.1,81,71.6,51.8,213,8,3.8,12,0.86,14.2,222,130,128,69,25,98,179,54.7,81,176,50,126,129,351,295,3,345,24.64,286,16,11,19,9,4,32,2.29,27,0,2,2,1,0,37,0,0,161,100,33,190,129,130,1,1,0,746,188,169,52.7,7220,6593,594,109,35,74,190,264,56,20,16,0,5747,33,132,5747,7220,79.6,96264,33032,2885,3260,88.5,2171,2540,85.5,520,1000,52,14,14.8,14.5,-0.8,158,435,123,25,375,27.4,14,90,100,14,154,83,106,48,22,77,1.86,20,20,0,0,18.8,17.3,1.5,0.11,52,14,8707,990,2949,3573,2247,322,8706,78,199,39.2,184,97,5664,370,18,192,70,36.5,13.71,5,0.09,0.24,18.9,7,1,1,18.8,18,0.1,-0.8,-1,27.4,52,14,154,14,18,14,17,1,1,37,0,1.29,1,2.29,1.21,2.21,18.8,18,14.8,32.8,1.34,1.05,2.4,1.29,2.34,18.8,17.3,1.5,0.11
Newcastle,2022,11,1,0,3,0,13.2,0.24,2.2,0.15,52,172,30.2,305,102,36.1,34.4,79,78.5,56.6,199,16,8,36,2.4,19.3,250,147,106,100,44,124,238,52.1,114,190,58,132,134,384,287,3,383,25.53,279,39,15,27,18,5,42,2.8,30,2,4,4,1,1,24,0,0,164,147,34,288,134,147,0,1,0,822,204,167,55,6914,6229,651,174,30,60,288,269,99,35,29,9,5337,34,132,5337,6914,77.2,94809,35778,2462,2846,86.5,2172,2580,84.2,573,1095,52.3,17,17.1,16.7,-0.1,167,422,160,34,455,27.9,15,90,100,15,165,85,102,63,14,71,2,29,11,18,1.2,24.3,14.3,9.9,0.66,50.7,15,8542,857,2661,3471,2493,433,8540,80,233,34.3,206,138,5263,441,28,216,74,34.3,14.4,4.93,0.12,0.35,16.1,7,2,2,24.3,22.8,0.11,3.7,3.2,27.9,50.7,15,165,15,28,17,26,2,2,24,0,1.87,1.13,3,1.73,2.87,24.3,22.8,17.1,39.9,1.62,1.14,2.76,1.52,2.66,24.3,14.3,9.9,0.66
Nott'm Forest,2022,30,2,1,5,0,25.9,0.27,-4.1,-0.27,85,278,30.6,449,93,45.4,38,136,54.4,43.4,247,15,6.1,22,1.47,15.4,251,150,131,89,31,104,176,59.1,72,176,62,114,126,377,368,4,234,15.6,168,20,11,15,13,7,14,0.93,4,2,0,7,1,0,36,0,0,170,157,23,222,126,150,1,5,0,714,214,196,52.2,5917,5195,699,185,15,28,222,288,45,20,23,1,4328,23,114,4328,5917,73.1,80102,29928,1725,2068,83.4,1982,2387,83,505,1122,45,4,10.1,7.7,-6.1,97,287,76,26,252,26.3,15,90,100,15,165,83,105,61,19,74,0.87,11,30,-19,-1.27,15.3,24.1,-8.8,-0.59,40.3,15,7511,1161,3153,2892,1546,220,7509,78,197,39.6,205,123,4262,242,10,145,42,29,9.67,2.8,0.06,0.21,17.4,7,1,2,15.3,13.8,0.1,-5.3,-4.8,26.3,40.3,15,165,15,10,4,9,1,2,36,0,0.67,0.27,0.93,0.6,0.87,15.3,13.8,10.1,23.9,1.02,0.67,1.69,0.92,1.59,15.3,24.1,-8.8,-0.59
Southampton,2022,27,0,1,3,1,18.8,0.3,-7.2,-0.48,121,324,37.3,476,70,52.9,39.6,108,66.7,50.4,220,20,9.1,25,1.67,14.8,290,164,153,110,27,114,205,55.6,91,209,59,150,158,448,316,2,295,19.67,223,29,13,15,13,2,23,1.53,15,3,4,0,1,0,24,0,0,154,139,18,283,158,164,0,0,1,861,211,254,45.4,6554,5849,687,162,15,48,283,308,64,30,30,0,4871,18,156,4871,6554,74.3,86053,32807,2321,2693,86.2,1898,2349,80.8,523,1105,47.3,11,12.6,12.2,-1.6,131,400,107,33,321,25.1,15,90,100,15,165,82,101,64,21,71,0.8,13,27,-14,-0.93,14.7,19.8,-5.1,-0.34,44.5,15,8350,972,2880,3452,2119,318,8350,123,284,43.3,221,161,4790,313,13,173,54,31.2,11.53,3.6,0.08,0.24,17,4,0,0,14.7,14.7,0.09,-1.7,-1.7,25.1,44.5,15,165,15,13,11,13,0,0,24,0,0.87,0.73,1.6,0.87,1.6,14.7,14.7,12.6,27.3,0.98,0.84,1.82,0.98,1.82,14.7,19.8,-5.1,-0.34
Tottenham,2022,21,1,0,2,0,18.1,0.26,-2.9,-0.19,49,123,39.8,323,65,30.3,31.1,119,21,24.3,186,12,6.5,20,1.33,14.4,232,127,116,83,33,99,186,53.2,87,172,64,108,142,374,261,8,393,26.2,297,33,14,21,17,11,50,3.33,34,5,2,5,2,2,26,1,0,149,119,25,316,142,127,2,1,0,758,183,180,50.4,8156,7453,678,139,17,66,316,286,97,51,21,0,6701,25,170,6701,8156,82.2,118009,39832,2991,3325,90,2859,3250,88,665,1108,60,21,17.8,15,3.2,168,465,137,43,456,28.2,15,90,100,15,165,84,107,57,16,78,1.93,31,21,10,0.67,24.1,16.5,7.6,0.5,50.5,15,9700,1060,3439,4150,2182,362,9697,97,242,40.1,213,146,6621,445,29,218,82,37.6,14.53,5.47,0.12,0.33,16.1,4,2,3,24.1,21.8,0.1,4.9,5.2,28.2,50.5,15,165,15,29,21,27,2,3,26,1,1.93,1.4,3.33,1.8,3.2,24.1,21.8,17.8,39.6,1.61,1.19,2.8,1.45,2.64,24.1,16.5,7.6,0.5
West Ham,2022,17,2,0,0,1,17.8,0.25,1.8,0.12,90,211,42.7,348,90,46,37,99,51.5,39.7,200,13,6.5,5,0.33,11.6,237,126,123,86,28,96,191,50.3,95,160,51,109,154,391,277,3,350,23.33,260,31,11,33,11,4,20,1.33,11,2,1,5,1,0,19,0,0,137,116,25,310,154,126,2,3,1,775,218,192,53.2,6985,6309,651,126,11,81,310,299,81,45,28,0,5429,25,150,5429,6985,77.7,98595,36578,2478,2816,88,2209,2614,84.5,629,1161,54.2,6,11.6,9,-5.6,141,439,84,29,375,28.3,15,90,100,15,165,83,117,48,22,85,0.93,12,17,-5,-0.33,18.6,15.5,3.1,0.2,45.8,15,8453,958,2990,3580,1955,289,8449,78,192,40.6,188,136,5341,368,12,199,53,26.6,13.27,3.53,0.05,0.19,18.3,5,2,4,18.6,16.2,0.08,-6.6,-6.2,28.3,45.8,15,165,15,12,6,10,2,4,19,0,0.8,0.4,1.2,0.67,1.07,18.6,16.2,11.6,27.8,1.24,0.77,2.01,1.08,1.85,18.6,15.5,3.1,0.2
Wolves,2022,24,0,0,3,1,19.1,0.27,-3.9,-0.26,54,169,32,381,66,29.1,30.7,113,51.3,41.7,215,21,9.8,10,0.67,11.5,267,143,162,73,32,110,223,49.3,113,173,55,118,112,379,283,1,315,21,236,24,14,18,17,6,13,0.87,12,0,0,1,0,0,29,3,0,159,153,24,272,112,143,0,2,1,787,170,185,47.9,7171,6488,659,169,17,59,272,265,73,24,35,2,5767,24,142,5767,7171,80.4,106386,35679,2469,2762,89.4,2543,2923,87,638,1116,57.2,6,10.9,9,-4.9,132,497,120,32,438,26.6,15,90,100,15,165,83,110,52,20,82,0.67,8,24,-16,-1.07,14.9,19.6,-4.8,-0.32,49.5,15,8762,1052,3191,3527,2148,311,8760,117,299,39.1,221,143,5687,427,8,175,46,26.3,11.67,3.07,0.03,0.13,18.6,10,2,2,14.9,13.3,0.08,-6.9,-7.3,26.6,49.5,15,165,15,8,6,6,2,2,29,3,0.53,0.4,0.93,0.4,0.8,14.9,13.3,10.9,24.2,0.99,0.73,1.72,0.89,1.62,14.9,19.6,-4.8,-0.32
Arsenal,2021,48,5,0,3,1,47.6,0.29,0.6,0.02,151,533,28.3,1070,175,34.9,33.3,218,73.4,54.3,487,32,6.6,61,1.61,15.6,540,311,261,195,84,244,500,48.8,256,386,123,263,296,836,658,20,1029,27.08,787,68,57,66,39,12,99,2.61,69,8,4,13,4,1,67,4,3,365,357,66,633,296,311,6,6,1,1861,463,572,44.7,19844,18150,1628,404,77,132,633,679,208,153,23,5,16176,66,310,16176,19844,81.5,280868,91115,7325,8210,89.2,7187,8140,88.3,1326,2584,51.3,41,46.4,34.6,-5.4,437,1354,329,74,1080,24.4,38,90,100,38,418,85,304,110,17,232,1.82,61,48,13,0.34,67.3,51.2,16,0.42,52.8,38,23628,2229,7136,10298,6399,962,23621,319,590,54.1,557,336,15988,1058,60,581,186,32,15.29,4.89,0.09,0.3,17.8,22,5,8,67.3,62.3,0.11,-7.3,-7.3,24.4,52.8,38,418,38,60,41,55,5,8,67,4,1.58,1.08,2.66,1.45,2.53,67.3,62.3,46.4,108.7,1.77,1.22,2.99,1.64,2.86,96.6,26,70.5,1.86
Aston Villa,2021,54,4,2,5,2,46.5,0.29,-5.5,-0.14,157,442,35.5,882,176,36.4,33.6,301,40.2,35,513,40,7.8,34,0.89,14.8,634,382,300,259,75,300,649,46.2,349,453,140,313,340,974,693,13,836,22,609,84,48,41,48,6,93,2.45,65,9,9,7,3,0,81,2,1,401,504,52,670,340,382,2,6,2,1850,538,561,49,16499,14615,1832,525,71,97,670,716,196,111,42,11,12748,52,277,12748,16499,77.3,220973,85417,5916,6803,87,5184,6136,84.5,1239,2571,48.2,42,37.9,30,4.1,356,1019,293,70,936,26.1,38,90,100,38,418,85,304,113,20,228,1.18,52,54,-2,-0.05,47.9,54.4,-6.5,-0.17,46.5,38,20474,2409,6869,8844,4983,816,20471,333,587,56.7,595,344,12576,916,50,461,159,34.5,12.13,4.18,0.1,0.3,17.6,20,3,3,47.9,45.9,0.1,2.1,1.1,26.1,46.5,38,418,38,50,42,47,3,3,81,2,1.32,1.11,2.42,1.24,2.34,47.9,45.9,37.9,83.8,1.26,1,2.26,1.21,2.21,95.1,37.3,57.8,1.52
Brentford,2021,56,5,1,8,2,49.4,0.25,-4.6,-0.12,298,768,38.8,1357,184,43.1,35.4,298,61.4,45.5,626,37,5.9,58,1.53,16.4,607,342,299,228,80,291,616,47.2,325,383,113,270,393,1000,863,7,740,19.47,488,96,37,62,43,14,79,2.08,46,11,5,8,9,0,65,3,2,371,363,66,640,393,342,6,5,2,2061,717,728,49.6,16272,14443,1763,432,50,70,640,778,159,84,47,9,11676,66,333,11676,16272,71.8,211867,85979,5201,6312,82.4,4797,6120,78.4,1357,2852,47.6,33,36.6,33.8,-3.6,311,942,262,81,896,25.4,38,90,100,38,418,84,304,114,22,223,1.21,48,56,-8,-0.21,51.1,54,-2.8,-0.07,44.8,38,20340,2790,7848,8156,4515,807,20334,262,476,55,563,291,11492,869,46,436,141,32.3,11.47,3.71,0.09,0.28,16.3,11,6,6,51.1,46.4,0.11,-5.1,-6.4,25.4,44.8,38,418,38,46,33,40,6,6,65,3,1.21,0.87,2.08,1.05,1.92,51.1,46.4,36.6,83,1.35,0.96,2.31,1.22,2.18,70.7,38.3,32.5,0.86
Brighton,2021,44,3,1,6,0,42.5,0.28,-1.5,-0.04,161,568,28.3,1317,188,31.4,32.8,241,64.3,48.8,535,60,11.2,36,0.95,12.8,668,403,306,257,105,243,563,43.2,320,480,150,330,358,1026,723,12,868,22.84,631,84,47,54,39,13,72,1.89,50,8,3,6,4,1,72,2,0,393,355,53,728,358,403,4,4,0,2154,569,498,53.3,20588,18838,1697,390,58,152,728,784,200,84,96,0,16410,53,397,16410,20588,79.7,288849,95329,7195,8172,88,7129,8207,86.9,1580,2954,53.5,30,37.3,31.5,-7.3,356,1187,342,72,1064,26.2,38,90,100,38,418,84,308,111,22,231,1.34,42,44,-2,-0.05,53,49.8,3.2,0.08,54.4,38,24672,2636,8026,10460,6401,861,24665,317,559,56.7,598,349,16194,1043,40,482,141,29.3,12.68,3.71,0.07,0.26,17.7,15,4,7,53,47.5,0.1,-13,-11.5,26.2,54.4,38,418,38,40,30,36,4,7,72,2,1.05,0.79,1.84,0.95,1.74,53,47.5,37.3,84.9,1.4,0.98,2.38,1.25,2.23,66.5,45.3,21.2,0.56
Burnley,2021,53,5,1,7,2,47.5,0.25,-3.5,-0.09,346,870,39.8,850,154,69.8,46.5,304,91.1,61.3,642,46,7.2,84,2.21,17.4,590,324,273,235,82,250,534,46.8,284,509,211,298,410,1000,887,18,674,17.74,455,81,28,50,50,10,60,1.58,39,9,5,3,4,0,68,2,0,394,332,101,747,410,324,2,5,2,2027,827,733,53,14107,12275,1731,370,32,135,747,783,183,152,14,1,9453,101,335,9453,14107,67,178782,80196,4296,5327,80.6,3306,4472,73.9,1457,3216,45.3,26,34.1,28,-8.1,286,877,240,84,729,28.5,38,90,100,38,418,86,321,96,19,244,0.92,34,53,-19,-0.5,43.8,63.8,-20,-0.53,40.2,38,18247,2240,5824,7996,4639,659,18245,258,479,53.9,539,291,9282,708,32,405,119,29.4,10.66,3.13,0.08,0.26,17.2,14,1,2,43.8,42.8,0.11,-11.8,-11.8,28.5,40.2,38,418,38,32,26,31,1,2,68,2,0.84,0.68,1.53,0.82,1.5,43.8,42.8,34.1,76.8,1.15,0.9,2.05,1.13,2.02,67.3,51.2,16,0.42
Chelsea,2021,33,6,0,2,1,31.6,0.22,-0.4,-0.01,91,222,41,896,183,19,25.5,198,26.3,25.2,419,30,7.2,54,1.42,15.4,621,348,267,269,85,257,567,45.3,310,408,96,312,347,968,641,15,1064,28,819,62,47,75,49,12,135,3.55,97,9,8,10,9,2,63,1,0,409,392,69,745,347,348,8,6,1,2084,538,486,52.5,24888,23158,1661,434,77,101,745,713,241,113,100,0,21190,69,364,21190,24888,85.1,342325,113096,10628,11617,91.5,8318,9322,89.2,1524,2514,60.6,52,51.5,42.6,0.5,439,1614,437,66,1344,27.4,38,90,100,38,418,84,306,111,22,226,1.95,76,33,43,1.13,70.7,38.3,32.5,0.86,61.8,38,28767,2270,7900,13342,7764,1053,28758,364,624,58.3,591,383,20922,1314,75,583,200,34.3,15.34,5.26,0.11,0.34,17.4,26,8,9,70.7,64,0.11,4.3,3,27.4,61.8,38,418,38,75,52,67,8,9,63,1,1.97,1.37,3.34,1.76,3.13,70.7,64,51.5,115.6,1.86,1.36,3.22,1.69,3.04,61.7,59.6,2.1,0.05
Crystal Palace,2021,46,3,2,11,2,38.5,0.24,-5.5,-0.14,130,375,34.7,999,222,27,28.6,267,39.3,32.7,525,28,5.3,43,1.13,15.1,636,373,322,236,78,273,575,47.5,302,452,135,317,333,969,761,5,712,18.74,500,63,44,46,43,16,81,2.13,53,3,7,8,9,1,69,1,1,414,481,63,643,333,373,6,4,2,2103,610,619,49.6,19081,17115,1903,528,40,120,643,844,175,88,44,8,14983,63,316,14983,19081,78.5,265538,92511,6553,7495,87.4,6521,7610,85.7,1467,2871,51.1,31,36.7,30.2,-5.7,305,990,270,75,912,27.1,38,90,100,38,418,85,309,108,18,229,1.26,50,46,4,0.11,53.8,46,7.8,0.21,51.1,38,23280,2754,8736,9923,4869,734,23272,383,688,55.7,671,471,14781,888,50,404,140,34.7,10.63,3.68,0.11,0.31,16.1,13,6,8,53.8,47.6,0.12,-3.8,-3.6,27.1,51.1,38,418,38,50,31,44,6,8,69,1,1.32,0.82,2.13,1.16,1.97,53.8,47.6,36.7,84.2,1.42,0.97,2.38,1.25,2.22,58,58.1,0,0
Everton,2021,66,2,2,13,5,55.9,0.29,-5.1,-0.13,292,844,34.6,927,124,65.2,46.5,298,80.5,59.5,568,26,4.6,37,0.97,14.4,705,402,369,252,84,336,735,45.7,399,496,140,356,365,1070,815,15,741,19.5,532,69,44,42,45,9,68,1.79,46,4,4,6,8,0,82,6,2,368,388,53,653,365,402,7,2,5,2023,634,725,46.7,14557,12746,1758,413,30,70,653,783,161,83,60,0,10365,53,345,10365,14557,71.2,184800,76152,4888,5859,83.4,3844,4901,78.4,1215,2704,44.9,29,33.5,25.1,-4.5,323,897,255,77,802,26.7,38,90,100,38,418,85,317,97,21,240,1.03,43,66,-23,-0.61,47.5,60.9,-13.4,-0.35,40,38,18937,2287,6399,7846,4932,725,18930,337,634,53.2,640,325,10202,784,42,430,130,30.2,11.32,3.42,0.08,0.28,17.7,18,6,7,47.5,42.1,0.1,-5.5,-6.1,26.7,40,38,418,38,42,29,36,6,7,82,6,1.11,0.76,1.87,0.95,1.71,47.5,42.1,33.5,75.6,1.25,0.88,2.13,1.11,1.99,52.1,68.8,-16.7,-0.44
Leeds,2021,79,5,3,10,1,62.4,0.26,-15.6,-0.41,109,413,26.4,1109,276,27.5,29.3,291,37.1,33.2,445,23,5.2,47,1.24,14.4,786,436,395,298,93,408,886,46,478,473,143,330,395,1181,622,15,824,21.68,587,70,51,60,42,14,66,1.74,36,2,10,10,5,3,101,3,0,469,368,63,648,395,436,4,5,1,2260,470,626,42.9,18288,16432,1793,417,66,140,648,798,170,100,38,3,13988,63,368,13988,18288,76.5,242663,89161,6271,7285,86.1,5921,7050,84,1325,2754,48.1,26,35.8,25.1,-9.8,347,995,272,53,1105,26.1,38,90,100,38,418,82,312,106,29,234,1,42,79,-37,-0.97,50.4,73.2,-22.8,-0.6,52.3,38,22561,2619,8525,9437,4843,780,22556,339,655,51.8,676,298,13779,1077,42,480,142,29.6,12.63,3.74,0.08,0.26,18.3,13,5,5,50.4,46.5,0.1,-8.4,-9.5,26.1,52.3,38,418,38,42,26,37,5,5,101,3,1.11,0.68,1.79,0.97,1.66,50.4,46.5,35.8,82.3,1.33,0.94,2.27,1.22,2.17,53,49.8,3.2,0.08
Leicester,2021,59,7,1,15,1,56.9,0.26,-1.1,-0.03,196,491,39.9,1025,174,35.6,33.9,298,42.3,37.1,551,16,2.9,39,1.03,14.7,690,384,336,270,84,306,720,42.5,414,469,146,323,367,1057,777,15,745,19.61,566,41,48,42,33,15,105,2.76,81,3,4,8,5,4,55,1,0,356,396,60,556,367,384,1,9,1,2015,530,553,48.9,20137,18268,1809,457,65,105,556,769,185,113,42,2,16129,60,379,16129,20137,80.1,269547,94214,7751,8789,88.2,6573,7579,86.7,1329,2581,51.5,46,37.5,26.9,8.5,312,1025,254,57,1007,26.5,38,90,100,38,418,84,308,109,23,232,1.37,62,59,3,0.08,52.1,68.8,-16.7,-0.44,52,38,24205,2769,8537,11012,4872,731,24203,297,547,54.3,601,368,15937,981,62,433,164,37.9,11.39,4.32,0.14,0.37,17.8,14,2,2,52.1,50.6,0.12,9.9,9.4,26.5,52,38,418,38,62,46,60,2,2,55,1,1.63,1.21,2.84,1.58,2.79,52.1,50.6,37.5,88.1,1.37,0.99,2.36,1.33,2.32,41.2,63.7,-22.5,-0.59
Liverpool,2021,26,0,0,3,1,26.6,0.26,1.6,0.04,116,268,43.3,1294,224,16.2,26,185,31.4,32.7,360,22,6.1,92,2.42,18.7,554,320,207,240,107,233,576,40.5,343,359,74,285,340,894,523,8,1249,32.87,911,105,63,104,50,16,164,4.32,121,9,10,19,5,0,50,1,0,363,286,63,897,340,320,5,0,1,2265,571,467,55,25552,23742,1747,436,112,167,897,780,282,47,207,0,21163,63,374,21163,25552,82.8,370621,127116,9420,10506,89.7,9245,10569,87.5,2000,3211,62.3,71,67.9,56.2,3.1,527,1878,511,92,1666,27.7,38,90,100,38,418,85,306,111,19,231,2.42,94,26,68,1.79,95.1,37.3,57.8,1.52,62.7,38,29388,2127,7182,14124,8305,1358,29380,343,635,54,590,366,20938,1625,94,721,237,32.9,18.97,6.24,0.12,0.37,16.7,13,7,8,95.1,89.3,0.13,-1.1,-2.3,27.7,62.7,38,418,38,94,71,87,7,8,50,1,2.47,1.87,4.34,2.29,4.16,95.1,89.3,67.9,157.1,2.5,1.79,4.29,2.35,4.14,44.4,62.4,-18,-0.47
Man City,2021,26,1,0,1,0,25.8,0.29,-0.2,-0.01,88,188,46.8,1020,171,15.7,25.6,145,19.3,26.4,310,21,6.8,58,1.53,18.9,498,284,183,214,101,227,509,44.6,282,267,55,212,279,777,403,7,1286,33.84,997,78,70,88,42,11,158,4.16,112,10,6,19,8,3,42,1,0,321,330,66,869,279,284,7,1,0,1967,482,397,54.8,27902,26239,1597,406,102,192,869,664,316,154,50,4,24406,66,355,24406,27902,87.5,412596,117956,11713,12605,92.9,10158,11162,91,1972,2895,68.1,63,70.5,57.1,-7.5,536,2110,535,74,1589,27,38,90,100,38,418,86,338,79,20,261,2.45,99,26,73,1.92,96.6,26,70.5,1.86,67.9,38,31218,1844,6561,15244,9623,1492,31209,425,741,57.4,497,316,24112,1554,96,704,237,33.7,18.53,6.24,0.13,0.38,16.3,17,7,9,96.6,89.3,0.13,-0.6,-0.3,27,67.9,38,418,38,96,63,89,7,9,42,1,2.53,1.66,4.18,2.34,4,96.6,89.3,70.5,159.8,2.54,1.86,4.4,2.35,4.21,53.8,46,7.8,0.21
Man United,2021,57,3,0,4,3,55.1,0.29,1.1,0.03,103,315,32.7,623,134,30,30.9,299,42.8,35.9,525,8,1.5,25,0.66,14,585,358,320,197,68,265,608,43.6,343,404,133,271,340,925,704,20,917,24.13,705,65,57,38,39,13,104,2.74,77,6,6,7,5,3,77,2,1,396,320,88,659,340,358,3,5,3,2071,555,443,55.6,20641,18862,1691,376,80,187,659,725,197,74,88,0,16690,88,369,16690,20641,80.9,280259,93094,8162,9234,88.4,6398,7436,86,1548,2626,58.9,46,47.8,37.1,-1.8,407,1315,312,65,1120,27.2,38,90,100,38,418,85,303,114,20,227,1.53,57,57,0,0,61.7,59.6,2.1,0.05,52.7,38,24490,2259,7378,11071,6260,875,24485,368,631,58.3,538,333,16510,1101,56,503,179,35.6,13.24,4.71,0.11,0.3,17.7,19,3,5,61.7,57.8,0.12,-5.7,-4.8,27.2,52.7,38,418,38,56,46,53,3,5,77,2,1.47,1.21,2.68,1.39,2.61,61.7,57.8,47.8,105.6,1.62,1.26,2.88,1.52,2.78,51.1,54,-2.8,-0.07
Newcastle,2021,62,5,0,8,2,52.3,0.29,-7.7,-0.2,302,726,41.6,871,127,49.9,38.7,337,86.4,58.4,521,30,5.8,18,0.47,11.4,658,382,333,266,59,304,641,47.4,337,421,162,259,360,1018,776,14,757,19.92,504,81,61,57,43,11,70,1.84,46,4,5,9,6,0,81,2,1,392,366,71,592,360,382,1,6,2,1835,677,619,52.2,14036,12203,1762,415,31,114,592,743,160,90,46,14,10201,71,281,10201,14036,72.7,188373,77685,4545,5432,83.7,3917,4880,80.3,1343,2746,48.9,23,30.4,23.3,-7.4,308,791,193,55,641,27.5,38,90,100,38,418,85,309,108,18,233,1.29,44,62,-18,-0.47,44.4,62.4,-18,-0.47,40.4,38,18158,2313,6708,7428,4275,715,18155,359,632,56.8,622,359,10021,620,41,446,142,31.8,11.74,3.74,0.09,0.27,18.1,15,3,3,44.4,42.1,0.1,-3.4,-4.1,27.5,40.4,38,418,38,41,23,38,3,3,81,2,1.08,0.61,1.68,1,1.61,44.4,42.1,30.4,72.5,1.17,0.8,1.97,1.11,1.91,47.9,54.4,-6.5,-0.17
Norwich,2021,84,9,1,9,2,67.6,0.27,-14.4,-0.38,179,528,33.9,1066,215,36.3,34.3,310,45.5,38.5,617,17,2.8,33,0.87,13.9,614,368,322,242,50,297,714,41.6,417,450,180,270,381,995,860,14,637,16.76,435,67,41,33,50,11,35,0.92,27,2,1,1,3,1,57,1,1,356,431,55,568,381,368,2,12,2,1887,493,598,45.2,16070,14176,1839,474,50,153,568,766,165,90,60,2,12164,55,306,12164,16070,75.7,217007,80059,5578,6484,86,4912,5949,82.6,1369,2757,49.7,16,26.3,23.7,-10.3,264,739,226,46,778,26.2,38,90,100,38,418,84,304,114,21,227,0.58,23,84,-61,-1.61,35.7,82.3,-46.6,-1.23,42.9,38,20103,2904,8221,8011,4111,592,20100,298,581,51.3,548,313,11957,754,21,370,104,28.1,9.74,2.74,0.05,0.17,19,18,3,3,35.7,33.3,0.09,-14.7,-15.3,26.2,42.9,38,418,38,21,16,18,3,3,57,1,0.55,0.42,0.97,0.47,0.89,35.7,33.3,26.3,59.6,0.94,0.69,1.63,0.88,1.57,49.9,63.3,-13.4,-0.35
Southampton,2021,67,2,0,12,2,57.2,0.31,-7.8,-0.21,196,612,32,891,149,46.1,37.4,278,72.3,50.3,573,41,7.2,33,0.87,11.6,602,340,285,243,74,248,582,42.6,334,430,132,298,446,1048,795,13,814,21.42,586,68,43,51,49,17,71,1.87,44,5,6,4,9,3,65,2,1,402,363,42,711,446,340,4,2,2,2224,673,726,48.1,16940,15114,1784,411,44,81,711,750,233,106,105,4,12505,42,343,12505,16940,73.8,211010,80108,6090,7173,84.9,4893,6093,80.3,1112,2591,42.9,26,35.8,28.7,-9.8,353,1016,249,58,969,25.7,38,90,100,38,418,85,307,110,19,232,1.05,43,67,-24,-0.63,49.9,63.3,-13.4,-0.35,47.7,38,21301,2214,6529,9361,5664,818,21297,350,624,56.1,628,365,12306,941,41,478,161,33.7,12.58,4.24,0.08,0.23,17.7,24,4,4,49.9,46.7,0.1,-8.9,-9.7,25.7,47.7,38,418,38,41,26,37,4,4,65,2,1.08,0.68,1.76,0.97,1.66,49.9,46.7,35.8,82.5,1.31,0.94,2.25,1.23,2.17,47.5,60.9,-13.4,-0.35
Tottenham,2021,40,2,1,5,1,37.6,0.26,-1.4,-0.04,115,279,41.2,676,161,29.6,31,278,28.4,26.5,567,33,5.8,45,1.18,14.2,598,349,286,244,68,262,584,44.9,322,470,161,309,355,953,793,15,879,23.13,677,51,46,60,37,8,116,3.05,95,3,4,8,6,0,69,1,1,386,406,62,632,355,349,3,2,1,1893,560,500,52.8,20696,18976,1658,430,88,133,632,676,193,78,62,0,17204,62,332,17204,20696,83.1,283871,93464,8270,9143,90.5,6856,7812,87.8,1376,2371,58,50,50.3,41.3,-0.3,379,1172,338,81,1111,26.5,38,90,100,38,418,85,311,106,18,236,1.87,69,40,29,0.76,66.5,45.3,21.2,0.56,51.8,38,24701,2514,7996,11395,5558,853,24696,375,667,56.2,588,341,17007,1092,63,486,185,38.1,12.79,4.87,0.12,0.31,16.7,16,5,5,66.5,62.6,0.13,-3.5,-4.6,26.5,51.8,38,418,38,63,50,58,5,5,69,1,1.66,1.32,2.97,1.53,2.84,66.5,62.6,50.3,112.9,1.75,1.32,3.07,1.65,2.97,50.4,73.2,-22.8,-0.6
Watford,2021,77,6,1,6,3,60.3,0.29,-13.7,-0.36,267,829,32.2,932,123,61.1,43.5,310,83.9,57,642,27,4.2,49,1.29,15.9,614,356,341,213,60,278,626,44.4,348,440,148,292,444,1058,899,19,692,18.21,475,59,48,43,52,15,57,1.5,36,5,4,7,3,2,63,3,3,442,352,53,610,444,356,2,7,3,2154,711,749,48.7,14640,12800,1787,394,35,101,610,808,161,90,50,4,10423,53,317,10423,14640,71.2,193941,80051,4505,5496,82,4270,5325,80.2,1330,2903,45.8,26,36.1,22.4,-10.1,298,834,213,70,783,28.4,38,90,100,38,418,84,309,106,23,234,0.61,34,77,-43,-1.13,44.3,72.6,-28.2,-0.74,40.7,38,19034,2471,7228,7781,4271,611,19032,395,751,52.6,639,389,10230,754,33,397,123,31,10.45,3.24,0.08,0.26,18.1,24,1,2,44.3,42.7,0.11,-11.3,-10.7,28.4,40.7,38,418,38,33,26,32,1,2,63,3,0.87,0.68,1.55,0.84,1.53,44.3,42.7,36.1,78.9,1.17,0.95,2.12,1.12,2.08,43.8,63.8,-20,-0.53
West Ham,2021,51,2,2,8,2,48,0.27,-1,-0.03,202,553,36.5,762,167,49.6,38.5,291,60.1,44.6,610,29,4.8,12,0.32,10.2,534,301,273,199,62,240,557,43.1,317,420,175,245,374,908,782,5,769,20.24,569,68,47,50,27,8,102,2.68,72,10,5,9,5,1,52,3,2,323,276,59,802,374,301,3,6,2,1970,639,628,50.4,18377,16646,1672,309,29,146,802,770,200,135,43,1,14325,59,353,14325,18377,78,251139,89188,6626,7492,88.4,5789,6856,84.4,1479,2906,50.9,46,42.4,32.4,3.6,320,1106,271,87,941,28.2,38,90,100,38,418,86,320,95,17,247,1.47,60,51,9,0.24,58,58.1,0,0,47.9,38,22179,2438,6994,9958,5451,806,22173,306,545,56.1,521,293,14149,914,58,443,142,32.1,11.66,3.74,0.12,0.38,16.6,13,4,6,58,53.7,0.12,0,0.3,28.2,47.9,38,418,38,58,46,54,4,6,52,3,1.53,1.21,2.74,1.42,2.63,58,53.7,42.4,96.1,1.53,1.12,2.64,1.41,2.53,44.3,72.6,-28.2,-0.74
Wolves,2021,43,9,1,2,1,49.3,0.25,7.3,0.19,122,423,28.8,863,220,35.6,34.7,275,42.2,36.5,562,44,7.8,41,1.08,13.4,673,377,377,242,54,273,671,40.7,398,437,135,302,389,1062,820,20,692,18.21,496,44,65,37,31,19,58,1.53,37,4,5,8,2,2,62,2,2,366,335,61,587,389,377,1,10,1,2104,461,490,48.5,19103,17382,1660,418,58,151,587,718,168,41,86,6,15253,61,328,15253,19103,79.8,275608,92848,6533,7415,88.1,6610,7664,86.2,1718,3005,57.2,22,29,23.4,-7,294,1096,212,57,910,27.3,38,90,100,38,418,86,310,107,16,230,1.34,38,43,-5,-0.13,41.2,63.7,-22.5,-0.59,49.5,38,23183,2659,8453,10141,4835,697,23182,450,771,58.4,598,341,15038,876,35,401,133,33.2,10.55,3.5,0.08,0.26,18.6,13,1,1,41.2,40.6,0.11,-6.2,-6.6,27.3,49.5,38,418,38,35,22,34,1,1,62,2,0.92,0.58,1.5,0.89,1.47,41.2,40.6,29,69.6,1.08,0.76,1.85,1.07,1.83,35.7,82.3,-46.6,-1.23
Arsenal,2020,39,2,0,3,4,36,0.26,1,0.03,81,303,26.7,1022,206,16.7,25.2,237,55.7,42.4,518,24,4.6,37,0.97,15.9,456,252,206,184,66,212,547,38.8,335,368,113,255,351,807,643,16,813,21.39,623,44,49,45,46,6,95,2.5,69,2,8,6,8,2,49,5,1,346,400,61,751,351,252,5,3,4,1838,504,594,45.9,21807,20122,1624,440,34,133,751,663,207,86,64,12,18041,61,311,18041,21807,82.7,306094,93540,8319,9236,90.1,7770,8814,88.2,1453,2621,55.4,38,35.1,35.3,2.9,332,1377,325,67,1162,25.9,38,90,100,38,418,84,301,114,19,201,1.61,55,39,16,0.42,51.8,43,8.8,0.23,53.5,38,25287,2432,7968,11335,6173,907,25281,296,535,55.3,511,260,17848,1134,53,453,140,30.9,11.92,3.68,0.1,0.34,17.7,23,6,6,51.8,47,0.11,1.2,0,25.9,53.5,38,418,38,53,38,47,6,6,49,5,1.39,1,2.39,1.24,2.24,51.8,47,35.1,82.1,1.36,0.92,2.29,1.24,2.16,51.8,43,8.8,0.23
Aston Villa,2020,46,5,2,4,1,49.2,0.24,4.2,0.11,247,639,38.7,1058,177,45.1,37.1,253,64,47,613,42,6.9,34,0.89,14.2,530,282,262,202,66,250,571,43.8,321,438,159,279,387,917,783,17,940,24.74,669,91,63,47,58,12,94,2.47,66,8,4,6,9,1,71,4,4,439,553,71,779,387,282,6,6,1,1906,728,665,52.3,16996,15003,1922,590,12,127,779,780,213,106,39,15,12938,71,275,12938,16996,76.1,235927,93013,5729,6654,86.1,5222,6209,84.1,1571,3074,51.1,38,37.4,31.4,0.6,403,1086,323,76,1034,25.2,38,90,100,38,418,86,324,91,17,229,1.45,55,46,9,0.24,52.5,51.1,1.4,0.04,48.5,38,20970,2576,6956,8565,5691,940,20964,369,595,62,579,337,12757,1008,52,514,178,34.6,13.53,4.68,0.09,0.26,17.3,16,5,6,52.5,47.9,0.1,-0.5,-0.9,25.2,48.5,38,418,38,52,38,47,5,6,71,4,1.37,1,2.37,1.24,2.24,52.5,47.9,37.4,85.3,1.38,0.98,2.37,1.26,2.25,52.5,51.1,1.4,0.04
Brighton,2020,46,6,0,8,2,35.9,0.24,-8.1,-0.21,193,522,37,1280,179,32.1,32.3,233,47.6,39.1,476,28,5.9,33,0.87,13.7,628,334,297,251,80,252,603,41.8,351,417,97,320,425,1053,604,8,845,22.24,628,75,34,53,42,13,63,1.66,47,6,1,4,5,0,49,6,2,428,357,52,686,425,334,7,7,2,2040,531,574,48.1,19871,18111,1708,404,17,164,686,769,219,71,107,2,15772,52,313,15772,19871,79.4,283213,95248,6694,7654,87.5,6893,7960,86.6,1689,3090,54.7,24,33.2,34.9,-9.2,358,1132,358,80,1072,25.8,38,90,100,38,418,85,305,108,20,208,1.08,40,46,-6,-0.16,50.9,35.3,15.6,0.41,51.1,38,23586,2483,7910,10191,5728,876,23577,350,573,61.1,549,306,15547,1048,39,478,134,28,12.58,3.53,0.07,0.25,17.4,15,6,9,50.9,43.8,0.09,-11.9,-10.8,25.8,51.1,38,418,38,39,24,33,6,9,49,6,1.03,0.63,1.66,0.87,1.5,50.9,43.8,33.2,77,1.34,0.87,2.21,1.15,2.03,50.9,35.3,15.6,0.41
Burnley,2020,55,3,0,8,1,49.1,0.26,-4.9,-0.13,317,841,37.7,846,143,69.1,47,298,85.9,59.7,600,34,5.7,78,2.05,18,507,293,241,203,63,229,564,40.6,335,440,180,260,416,923,824,11,666,17.53,472,70,28,36,51,9,52,1.37,32,6,4,3,5,2,48,0,0,384,389,80,772,416,293,3,3,1,2000,874,854,50.6,15562,13737,1745,461,10,110,772,721,172,154,5,1,10825,80,263,10825,15562,69.6,196816,82195,5117,6058,84.5,3688,4824,76.5,1553,3535,43.9,20,27.7,26.9,-7.7,267,923,292,80,805,28.3,38,90,100,38,418,86,339,81,19,235,1.03,33,55,-22,-0.58,39.3,54.7,-15.4,-0.4,42.1,38,19292,2186,5786,9038,4639,689,19289,234,403,58.1,503,278,10666,784,32,381,124,32.5,10.03,3.26,0.08,0.23,17.4,15,3,3,39.3,36.9,0.1,-7.3,-7.9,28.3,42.1,38,418,38,32,20,29,3,3,48,0,0.84,0.53,1.37,0.76,1.29,39.3,36.9,27.7,64.6,1.03,0.73,1.76,0.97,1.7,39.3,54.7,-15.4,-0.4
Chelsea,2020,36,3,1,5,1,31.4,0.26,-3.6,-0.1,93,253,36.8,1066,169,17.7,25.7,231,27.7,26.6,412,20,4.9,31,0.82,14.7,612,341,257,282,73,231,570,40.5,339,420,83,337,382,994,661,16,1018,26.79,790,81,42,55,43,7,95,2.5,69,6,4,6,10,0,51,3,1,433,364,79,749,382,341,10,4,1,1999,569,515,52.5,25799,24055,1665,402,29,154,749,732,226,77,113,2,21969,79,362,21969,25799,85.2,360452,112419,10454,11454,91.3,8965,9976,89.9,1667,2703,61.7,38,41.5,37.1,-3.5,448,1441,377,70,1278,26,38,90,100,38,418,84,308,108,22,208,1.76,58,36,22,0.58,62.4,30.3,32.2,0.85,60.9,38,29654,2501,8831,13861,7191,1002,29644,359,657,54.6,585,286,21744,1250,56,546,193,35.3,14.37,5.08,0.09,0.25,17.1,16,8,10,62.4,54.5,0.1,-6.4,-6.5,26,60.9,38,418,38,56,38,48,8,10,51,3,1.47,1,2.47,1.26,2.26,62.4,54.5,41.5,96.1,1.64,1.09,2.74,1.44,2.53,62.4,30.3,32.2,0.85
Crystal Palace,2020,66,3,1,9,0,51.2,0.28,-14.8,-0.39,226,669,33.8,775,158,51,38.7,323,84.8,56.3,622,20,3.2,26,0.68,13.6,636,366,329,234,73,283,620,45.6,337,447,138,309,396,1032,774,13,617,16.24,434,54,50,23,46,10,70,1.84,49,5,6,3,5,2,56,2,1,409,436,67,533,396,366,2,4,0,1923,685,658,51,15597,13707,1823,473,8,47,533,772,151,67,29,27,11627,67,351,11627,15597,74.5,193707,81286,5889,6882,85.6,4127,5088,81.1,1131,2449,46.2,29,23.6,23.4,5.4,264,838,232,54,843,29.1,38,90,100,38,418,86,321,95,17,208,1.16,41,66,-25,-0.66,34.1,58.2,-24.2,-0.64,40.6,38,19651,2193,6898,8639,4354,646,19647,365,645,56.6,596,402,11449,818,39,345,127,36.8,9.08,3.34,0.1,0.28,17.6,18,3,4,34.1,31,0.09,4.9,5,29.1,40.6,38,418,38,39,29,36,3,4,56,2,1.03,0.76,1.79,0.95,1.71,34.1,31,23.6,54.6,0.9,0.62,1.52,0.82,1.44,34.1,58.2,-24.2,-0.64
Everton,2020,48,3,1,5,1,47.8,0.28,0.8,0.02,268,692,38.7,1111,177,46.8,37.5,252,68.3,50.7,560,25,4.5,35,0.92,13.1,640,381,325,242,73,266,664,40.1,398,458,157,301,392,1032,847,19,710,18.68,514,67,34,43,46,6,80,2.11,54,9,2,10,5,0,59,2,0,386,392,65,662,392,381,4,4,1,2030,665,486,57.8,18696,17021,1610,426,28,121,662,660,167,93,53,3,14792,65,362,14792,18696,79.1,263228,93925,6563,7438,88.2,6125,7073,86.6,1580,2924,54,32,30.7,28.7,1.3,300,944,257,60,868,26.3,38,90,100,38,418,85,310,106,19,206,1.55,47,48,-1,-0.03,45.7,50.1,-4.5,-0.12,46.4,38,22738,2728,8234,10226,4518,634,22733,362,591,61.3,552,344,14620,853,45,395,143,36.2,10.39,3.76,0.1,0.29,17.2,15,4,5,45.7,41.9,0.11,-0.7,-0.9,26.3,46.4,38,418,38,45,32,41,4,5,59,2,1.18,0.84,2.03,1.08,1.92,45.7,41.9,30.7,72.6,1.2,0.81,2.01,1.1,1.91,45.7,50.1,-4.5,-0.12
Fulham,2020,53,7,0,3,1,54.5,0.29,2.5,0.07,150,402,37.3,800,179,32.5,30,258,55,39.5,518,27,5.2,33,0.87,13,601,329,282,231,88,254,581,43.7,327,356,95,261,437,1038,794,13,784,20.63,579,65,52,35,47,6,47,1.24,33,2,4,3,4,1,67,3,0,484,372,43,710,437,329,5,7,1,2010,649,625,50.9,19512,17703,1766,469,17,109,710,784,164,54,73,15,15401,43,346,15401,19512,78.9,270640,94394,6853,7837,87.4,6528,7611,85.8,1529,2866,53.3,18,26.3,25.3,-8.3,334,1019,290,94,963,25.2,38,90,100,38,418,85,306,110,19,203,0.74,27,53,-26,-0.68,40.5,52.6,-12.1,-0.32,49.7,38,23639,2409,8037,10388,5494,718,23633,506,795,63.6,721,393,15193,939,26,436,125,28.7,11.47,3.29,0.05,0.18,18.3,12,3,6,40.5,35.9,0.08,-14.5,-12.9,25.2,49.7,38,418,38,26,18,23,3,6,67,3,0.68,0.47,1.16,0.61,1.08,40.5,35.9,26.3,62.2,1.07,0.69,1.76,0.95,1.64,40.5,52.6,-12.1,-0.32
Leeds,2020,54,8,1,11,2,49.9,0.21,-2.1,-0.06,105,319,32.9,1166,306,19.1,27.1,298,32.2,28.9,477,28,5.9,20,0.53,11.8,740,417,378,279,83,310,769,40.3,459,406,149,257,397,1137,646,26,924,24.32,701,73,45,63,31,11,108,2.84,81,6,8,8,5,0,61,1,0,432,410,76,786,397,417,3,9,2,2160,538,605,47.1,20629,18658,1895,467,27,205,786,809,229,115,78,1,16284,76,364,16284,20629,78.9,286488,99271,6970,7933,87.9,7130,8308,85.8,1631,3014,54.1,45,41.9,34.4,3.1,394,1110,349,68,1183,26.1,38,90,100,38,418,83,312,107,25,209,1.55,62,54,8,0.21,55.6,57.9,-2.2,-0.06,57.3,38,24691,2750,9021,10282,5617,874,24687,318,563,56.5,667,319,16053,1166,60,518,193,37.3,13.63,5.08,0.11,0.29,16.9,9,4,4,55.6,52.5,0.1,4.4,3.5,26.1,57.3,38,418,38,60,45,56,4,4,61,1,1.58,1.18,2.76,1.47,2.66,55.6,52.5,41.9,94.3,1.46,1.1,2.57,1.38,2.48,55.6,57.9,-2.2,-0.06
Leicester,2020,50,4,0,9,2,42.2,0.29,-5.8,-0.15,159,425,37.4,1038,181,32.1,33.2,210,43.8,37.9,484,20,4.1,19,0.5,13.6,681,403,319,263,99,295,676,43.6,381,386,90,296,438,1119,685,9,861,22.66,633,49,56,46,54,23,114,3,85,3,8,4,10,4,61,0,0,413,421,71,649,438,403,11,4,2,2111,600,590,50.4,21216,19423,1722,474,35,92,649,738,212,61,85,5,17014,71,376,17014,21216,80.2,285395,94092,7893,8978,87.9,7010,8113,86.4,1461,2737,53.4,45,33.7,30.1,11.3,360,1209,283,57,1061,26.5,38,90,100,38,418,85,320,99,22,216,1.74,68,50,18,0.47,55.8,46,9.8,0.26,54.3,38,25202,2268,7889,11952,5601,766,25190,358,645,55.5,549,322,16800,1035,64,473,170,35.9,12.45,4.47,0.11,0.32,18.6,20,10,12,55.8,46.3,0.1,8.2,7.7,26.5,54.3,38,418,38,64,45,54,10,12,61,0,1.68,1.18,2.87,1.42,2.61,55.8,46.3,33.7,80.1,1.47,0.89,2.36,1.22,2.11,55.8,46,9.8,0.26
Liverpool,2020,42,4,1,6,0,43.9,0.29,1.9,0.05,87,237,36.7,1107,196,16.4,26.2,209,26.8,29.5,403,21,5.2,95,2.5,18.4,526,303,195,231,100,220,543,40.5,323,338,58,280,347,873,563,20,1066,28.05,818,70,57,61,46,14,109,2.87,76,6,4,14,6,3,40,0,0,396,316,65,862,347,303,4,8,0,2202,537,572,48.4,26226,24396,1765,409,44,156,862,811,257,51,147,2,21929,65,357,21929,26226,83.6,360990,115405,10789,11862,91,8747,9940,88,1715,2969,57.8,43,48.3,45.6,-5.3,455,1608,524,82,1566,26.8,38,90,100,38,418,85,314,104,19,212,1.82,68,42,26,0.68,67.5,43,24.5,0.65,62.1,38,29881,2072,7198,14815,8136,1188,29875,407,696,58.5,592,387,21678,1532,65,602,204,33.9,15.84,5.37,0.1,0.29,17.1,22,6,6,67.5,62.9,0.11,-2.5,-3.9,26.8,62.1,38,418,38,65,43,59,6,6,40,0,1.71,1.13,2.84,1.55,2.68,67.5,62.9,48.3,111.2,1.78,1.27,3.05,1.66,2.93,67.5,43,24.5,0.65
Man City,2020,32,8,0,3,1,32,0.23,1,0.03,108,271,39.9,1003,171,20.1,28.2,163,42.3,37.9,333,19,5.7,44,1.16,16.6,498,271,198,212,88,234,576,40.6,342,310,82,228,319,817,453,11,1066,28.05,801,61,90,57,43,14,141,3.71,100,3,17,13,6,2,46,2,0,361,372,57,632,319,271,7,10,1,1946,479,417,53.5,27167,25546,1564,423,38,146,632,656,247,73,86,4,23819,57,320,23819,27167,87.7,390212,110950,11548,12409,93.1,9673,10628,91,1771,2616,67.7,55,45.4,43.3,9.6,433,1772,412,41,1401,26.1,38,90,100,38,418,86,339,77,22,240,2.26,83,32,51,1.34,68.2,30.2,38,1,63.5,38,30546,1920,6465,15919,8409,1190,30537,485,783,61.9,510,350,23545,1362,82,590,211,35.8,15.53,5.55,0.13,0.36,17.2,21,5,9,68.2,61.2,0.11,13.8,15.8,26.1,63.5,38,418,38,82,55,77,5,9,46,2,2.16,1.45,3.61,2.03,3.47,68.2,61.2,45.4,106.6,1.8,1.19,2.99,1.61,2.81,68.2,30.2,38,1
Man United,2020,44,4,1,9,2,39.3,0.25,-2.7,-0.07,86,266,32.3,647,154,28.1,30.1,266,31.6,29.4,479,11,2.3,47,1.24,17,551,311,252,239,60,231,572,40.4,341,418,116,302,386,937,634,20,953,25.08,720,73,46,58,46,10,127,3.34,94,5,8,9,9,2,64,1,0,452,400,76,640,386,311,9,4,2,2124,546,413,56.9,22626,20812,1738,433,34,211,640,760,197,83,87,4,18802,76,401,18802,22626,83.1,310456,100812,9250,10261,90.1,7258,8255,87.9,1597,2585,61.8,51,41.6,38.2,9.4,414,1419,377,54,1311,25.6,38,90,100,38,418,86,318,99,18,219,1.95,73,44,29,0.76,60.1,41.5,18.6,0.49,55.7,38,26438,2217,7583,11899,7228,910,26427,415,711,58.4,536,360,18566,1285,70,515,196,38.1,13.55,5.16,0.12,0.31,18.1,21,10,11,60.1,51.4,0.1,9.9,8.6,25.6,55.7,38,418,38,70,51,60,10,11,64,1,1.84,1.34,3.18,1.58,2.92,60.1,51.4,41.6,93.1,1.58,1.1,2.68,1.35,2.45,60.1,41.5,18.6,0.49
Newcastle,2020,62,4,1,4,3,53.8,0.26,-5.2,-0.14,245,671,36.5,820,159,52.8,40.1,338,70.4,50,645,27,4.2,21,0.55,10.5,512,268,257,213,42,207,547,37.8,340,423,160,263,362,874,908,10,687,18.08,453,85,51,36,56,6,75,1.97,46,7,6,7,7,2,65,3,2,388,420,58,652,362,268,6,5,3,1770,634,655,49.2,14709,12864,1787,464,12,122,652,724,161,67,51,20,10839,58,321,10839,14709,73.7,197161,77098,4828,5635,85.7,4197,5131,81.8,1387,2879,48.2,26,29,21.1,-3,289,739,207,83,663,27.1,38,90,100,38,418,85,306,109,19,209,1.18,46,62,-16,-0.42,43.4,58.3,-14.9,-0.39,38.8,38,18643,2525,7157,7837,3885,551,18637,350,587,59.6,519,297,10666,636,44,390,130,33.3,10.26,3.42,0.1,0.29,18.3,25,6,7,43.4,37.8,0.1,0.6,0.2,27.1,38.8,38,418,38,44,26,38,6,7,65,3,1.16,0.68,1.84,1,1.68,43.4,37.8,29,66.8,1.14,0.76,1.91,1,1.76,43.4,58.3,-14.9,-0.39
Sheffield United,2020,63,3,0,8,3,54.3,0.26,-5.7,-0.15,263,817,32.2,866,128,64.5,45.5,281,91.8,64.5,578,33,5.7,34,0.89,12.8,634,356,325,239,70,294,720,40.8,426,442,152,290,351,985,839,19,566,14.89,435,48,27,28,23,5,27,0.71,16,3,2,3,3,0,73,3,0,459,293,73,666,351,356,3,4,3,1802,718,798,47.4,16264,14542,1649,347,13,115,666,750,170,118,29,4,12146,73,308,12146,16264,74.7,207510,78610,6006,6905,87,4331,5303,81.7,1277,2840,45,13,24.9,22,-11.9,253,946,253,65,821,26.7,38,90,100,38,418,83,315,103,25,198,0.61,20,63,-43,-1.13,32.6,62.2,-29.6,-0.78,41.7,38,20227,2314,6406,8550,5479,613,20223,269,475,56.6,536,323,11954,803,19,319,92,28.8,8.39,2.42,0.05,0.17,17.7,5,3,4,32.6,29.5,0.09,-13.6,-13.5,26.7,41.7,38,418,38,19,13,16,3,4,73,3,0.5,0.34,0.84,0.42,0.76,32.6,29.5,24.9,54.4,0.86,0.66,1.52,0.78,1.43,32.6,62.2,-29.6,-0.78
Southampton,2020,68,8,1,3,1,56.2,0.27,-10.8,-0.28,139,569,24.4,1107,159,38.4,32.6,235,61.3,42,507,29,5.7,45,1.18,15.6,727,419,335,325,67,341,731,46.6,390,439,95,344,401,1128,681,10,728,19.16,513,63,42,47,51,12,83,2.18,49,8,6,7,11,2,52,3,0,428,421,76,554,401,419,4,9,1,2010,527,713,42.5,19288,17388,1824,496,16,87,554,809,177,82,79,8,14928,76,343,14928,19288,77.4,239028,85451,7587,8659,87.6,5629,6690,84.1,1099,2547,43.1,33,25.8,22.2,7.2,294,894,261,36,919,26.6,38,90,100,38,418,85,314,101,19,215,1.13,47,68,-21,-0.55,41.2,53.1,-11.8,-0.31,52,38,23450,2302,7477,11491,4710,692,23445,343,601,57.1,638,386,14736,898,47,418,157,37.6,11,4.13,0.1,0.27,18.6,20,5,6,41.2,36.6,0.09,5.8,5.4,26.6,52,38,418,38,47,33,42,5,6,52,3,1.24,0.87,2.11,1.11,1.97,41.2,36.6,25.8,62.5,1.09,0.68,1.77,0.96,1.64,41.2,53.1,-11.8,-0.31
Tottenham,2020,45,10,0,3,3,45.6,0.24,3.6,0.1,159,408,39,814,180,38.6,32.4,264,35.6,28.1,590,23,3.9,24,0.63,13.1,636,361,313,244,79,277,683,40.6,406,434,147,287,342,978,795,15,785,20.66,553,55,56,49,56,16,120,3.16,86,6,13,8,6,1,57,2,2,440,468,45,526,342,361,5,10,3,1951,618,647,48.9,20571,18738,1788,524,28,147,526,750,168,117,37,0,16508,45,361,16508,20571,80.2,274914,94110,7801,8828,88.4,6561,7603,86.3,1393,2672,52.1,50,35.3,25.3,14.7,316,1035,257,54,993,27.2,38,90,100,38,418,85,305,112,20,204,1.63,68,45,23,0.61,53.1,49.1,4,0.1,51.6,38,24467,2581,7967,11866,4908,695,24462,403,715,56.4,519,334,16315,962,66,438,167,38.1,11.53,4.39,0.14,0.37,18,35,5,5,53.1,49.2,0.12,12.9,11.8,27.2,51.6,38,418,38,66,50,61,5,5,57,2,1.74,1.32,3.05,1.61,2.92,53.1,49.2,35.3,84.4,1.4,0.93,2.33,1.29,2.22,53.1,49.1,4,0.1
West Brom,2020,76,7,2,8,3,68,0.25,-5,-0.13,301,916,32.9,1019,183,63.7,44.9,308,86.7,57.1,670,20,3,38,1,13.8,581,328,329,192,60,271,656,41.3,385,455,159,296,435,1016,876,13,567,14.92,407,60,26,27,39,8,53,1.39,40,3,1,3,5,1,51,4,0,404,412,75,604,435,328,4,11,3,1963,709,771,47.9,13978,12147,1756,463,13,105,604,727,144,75,21,16,9769,75,275,9769,13978,69.9,177501,75746,4418,5278,83.7,3696,4783,77.3,1273,2924,43.5,20,24.4,21.3,-4.4,241,822,196,60,721,26.4,38,90,100,38,418,84,311,104,22,211,0.68,35,76,-41,-1.08,35.8,67.9,-32,-0.84,37.9,38,18111,2538,6665,7459,4176,569,18106,264,505,52.3,613,313,9585,708,33,335,106,31.6,8.82,2.79,0.09,0.27,18.4,16,4,4,35.8,32.7,0.1,-2.8,-3.7,26.4,37.9,38,418,38,33,20,29,4,4,51,4,0.87,0.53,1.39,0.76,1.29,35.8,32.7,24.4,57.1,0.94,0.64,1.59,0.86,1.5,35.8,67.9,-32,-0.84
West Ham,2020,47,3,0,7,4,42,0.27,-1,-0.03,250,648,38.6,781,159,54.9,40.5,295,74.2,51.4,565,26,4.6,17,0.45,11,514,280,269,195,50,224,573,39.1,349,405,124,281,437,951,779,11,818,21.53,573,92,37,56,51,9,106,2.79,73,12,1,13,7,0,50,3,1,375,354,74,775,437,280,3,5,4,2005,738,677,52.2,16901,15140,1687,398,15,109,775,741,167,92,60,1,12725,74,357,12725,16901,75.3,225666,88791,5888,6864,85.8,4948,6052,81.8,1470,2860,51.4,46,39.6,31.9,6.4,340,1037,238,95,850,27.8,38,90,100,38,418,86,316,99,17,214,1.71,62,47,15,0.39,55.4,48.7,6.7,0.18,43.2,38,20644,2288,6619,9279,4985,754,20640,298,542,55,491,318,12536,831,60,464,158,34.1,12.21,4.16,0.13,0.37,16.1,17,2,4,55.4,52.1,0.12,4.6,5.9,27.8,43.2,38,418,38,60,46,58,2,4,50,3,1.58,1.21,2.79,1.53,2.74,55.4,52.1,39.6,91.7,1.46,1.04,2.5,1.37,2.41,55.4,48.7,6.7,0.18
Wolves,2020,52,7,1,9,3,46.2,0.25,-2.8,-0.07,161,389,41.4,559,156,43.3,35.4,273,53.8,36.7,577,24,4.2,12,0.32,10.5,588,335,322,220,46,277,611,45.3,334,359,117,242,432,1020,727,15,820,21.58,573,74,67,47,46,13,63,1.66,39,4,7,7,5,1,55,1,1,426,383,37,775,432,335,3,8,3,1899,576,596,49.1,19225,17437,1751,444,20,141,775,735,208,65,70,3,15548,37,336,15548,19225,80.9,275061,93014,6990,7796,89.7,6320,7342,86.1,1742,2944,59.2,21,24.1,23.9,-3.1,345,1117,213,85,856,26.3,38,90,100,38,418,85,313,106,19,204,1.18,36,52,-16,-0.42,36.5,49.5,-13,-0.34,49.3,38,23135,2194,7250,10972,5141,695,23131,468,779,60.1,592,309,15323,834,34,459,149,32.5,12.08,3.92,0.07,0.2,18.5,18,4,4,36.5,33.4,0.08,-2.5,-3.4,26.3,49.3,38,418,38,34,21,30,4,4,55,1,0.89,0.55,1.45,0.79,1.34,36.5,33.4,24.1,57.6,0.96,0.63,1.6,0.88,1.51,36.5,49.5,-13,-0.34
Arsenal,2019,48,7,0,9,0,51.8,0.23,3.8,0.1,92,364,25.3,964,233,24.8,28.8,314,39.8,35.5,606,25,4.1,42,1.11,15.2,584,336,296,217,71,249,612,40.7,363,398,141,257,351,935,754,18,708,18.63,500,59,52,48,33,16,85,2.24,57,5,4,9,4,6,88,5,1,421,437,73,699,351,336,2,8,0,1861,501,589,46,20410,18463,1874,487,67,153,699,756,231,96,71,3,16634,73,320,16634,20410,81.5,292657,94452,7259,8103,89.6,7300,8331,87.6,1596,2772,57.6,35,31.4,28.5,3.6,298,1164,311,63,1116,25.8,38,90,100,38,418,83,,123,21,163,1.47,56,48,8,0.21,47,55.3,-8.3,-0.22,53.8,38,24349,2763,8384,10618,5565,803,24346,411,697,59,547,370,16466,1093,56,403,146,36.2,10.61,3.84,0.13,0.36,16.4,19,3,3,47,44.6,0.11,9,8.4,25.8,53.8,38,418,38,56,35,53,3,3,88,5,1.47,0.92,2.39,1.39,2.32,47,44.6,31.4,76.1,1.24,0.83,2.06,1.17,2,47,55.3,-8.3,-0.22
Aston Villa,2019,67,5,1,9,1,51.6,0.25,-14.4,-0.38,240,665,36.1,862,179,50.1,38.7,343,67.9,49.4,628,23,3.7,28,0.74,13.5,523,291,285,174,64,223,597,37.4,374,456,184,272,423,946,928,26,827,21.76,599,87,42,36,56,7,72,1.89,48,8,5,4,7,0,70,1,1,451,525,62,798,423,291,2,6,1,1900,705,742,48.7,15672,13604,2006,562,17,153,798,797,200,109,34,8,11652,62,307,11652,15672,74.3,217478,84199,5074,5895,86.1,4810,5882,81.8,1480,3002,49.3,32,34.2,27.7,-2.2,369,908,270,95,899,25.7,38,90,100,38,418,84,,113,22,173,0.92,41,67,-26,-0.68,44.3,67.8,-23.5,-0.62,44.1,38,19887,2668,7047,8158,4916,691,19884,352,569,61.9,546,313,11497,879,40,453,147,32.5,11.92,3.87,0.09,0.27,17.5,21,1,3,44.3,41.8,0.09,-4.3,-2.8,25.7,44.1,38,418,38,40,32,39,1,3,70,1,1.05,0.84,1.89,1.03,1.87,44.3,41.8,34.2,76,1.16,0.9,2.06,1.1,2,44.3,67.8,-23.5,-0.62
Bournemouth,2019,65,5,4,4,0,62.6,0.3,-2.4,-0.06,185,616,30,866,190,47.5,39,295,69.5,53.2,603,20,3.3,26,0.68,11.7,507,299,254,206,47,207,567,36.5,360,439,160,279,475,982,1008,16,668,17.58,471,70,35,38,47,7,63,1.66,36,6,7,8,6,0,78,3,2,369,388,67,646,475,299,2,6,0,1979,792,835,48.7,16387,14488,1832,450,28,92,646,790,194,104,57,0,12042,67,390,12042,16387,73.5,208868,82507,5798,6832,84.9,4689,5821,80.6,1231,2655,46.4,24,30.6,25.7,-6.6,280,921,227,49,896,25.2,38,90,100,38,418,84,,108,23,176,0.89,40,65,-25,-0.66,44.8,62.3,-17.5,-0.46,44.1,38,20778,2558,7479,8660,4848,709,20774,325,602,54,571,384,11897,876,38,385,117,30.4,10.13,3.08,0.09,0.29,17.3,21,4,4,44.8,41.7,0.11,-6.8,-7.7,25.2,44.1,38,418,38,38,24,34,4,4,78,3,1,0.63,1.63,0.89,1.53,44.8,41.7,30.6,72.3,1.18,0.8,1.98,1.1,1.9,44.8,62.3,-17.5,-0.46
Brighton,2019,54,2,0,7,2,50.2,0.29,-1.8,-0.05,207,412,50.2,1201,255,25.3,29,274,39.4,33.4,526,20,3.8,26,0.68,13.7,641,379,295,269,77,245,642,38.2,397,437,137,300,419,1060,750,15,804,21.16,599,73,39,48,40,5,65,1.71,44,9,5,2,5,0,59,2,1,386,325,71,689,419,379,2,2,2,2065,690,577,54.5,20056,18194,1791,394,34,200,689,853,178,78,78,0,15881,71,365,15881,20056,79.2,290667,102483,6755,7803,86.6,7139,8265,86.4,1701,3003,56.6,24,31.6,27.3,-7.6,343,1124,294,62,1227,26.4,38,90,100,38,418,84,,128,20,155,1.08,39,54,-15,-0.39,45.4,55,-9.5,-0.25,52.2,38,24294,2737,8189,10703,5620,759,24292,335,584,57.4,626,399,15708,1204,35,460,139,30.2,12.11,3.66,0.07,0.24,17.6,11,1,2,45.4,43.8,0.1,-10.4,-9.8,26.4,52.2,38,418,38,35,24,34,1,2,59,2,0.92,0.63,1.55,0.89,1.53,45.4,43.8,31.6,75.4,1.2,0.83,2.03,1.15,1.99,45.4,55,-9.5,-0.25
Burnley,2019,50,4,0,7,1,45.7,0.25,-3.3,-0.09,263,870,30.2,883,180,67.6,47.1,304,89.8,63.7,623,52,8.3,48,1.26,14.9,547,344,238,241,68,240,585,41,345,450,175,275,387,934,901,15,667,17.55,459,83,27,44,45,9,71,1.87,47,10,4,6,3,1,67,0,0,412,369,89,743,387,344,1,5,1,1860,937,917,50.5,14694,12767,1838,408,29,99,743,868,170,158,1,0,10049,89,287,10049,14694,68.4,181797,76085,4700,5595,84,3686,4854,75.9,1295,3221,40.2,30,32.4,28.5,-2.4,280,787,217,99,702,28,38,90,100,38,418,86,,74,20,206,1.42,43,50,-7,-0.18,47.4,49.8,-2.4,-0.06,41.9,38,18796,2240,5624,8973,4373,614,18792,246,454,54.2,509,291,9922,690,41,384,124,32.3,10.11,3.26,0.1,0.31,16.4,18,3,3,47.4,45.3,0.12,-6.4,-7.3,28,41.9,38,418,38,41,30,38,3,3,67,0,1.08,0.79,1.87,1,1.79,47.4,45.3,32.4,77.7,1.25,0.85,2.1,1.19,2.04,47.4,49.8,-2.4,-0.06
Chelsea,2019,54,2,2,9,3,37.5,0.31,-13.5,-0.36,102,302,33.8,1028,168,22,28.7,226,33.6,32.7,389,21,5.4,38,1,16,638,362,304,258,76,246,604,40.7,358,361,91,270,459,1097,631,14,1118,29.42,847,86,56,64,52,13,123,3.24,86,6,10,9,10,2,60,0,0,386,384,63,862,459,362,6,2,3,2210,703,701,50.1,25213,23308,1842,401,61,215,862,876,247,106,82,2,20958,63,361,20958,25213,83.1,352089,108963,9753,10903,89.5,8527,9698,87.9,1843,2989,61.7,46,46.7,42.3,-0.7,459,1463,411,108,1299,25.5,38,90,100,38,418,84,,117,20,166,1.74,69,54,15,0.39,69.2,38.6,30.6,0.81,60.4,38,29409,2285,8316,13980,7362,1059,29402,460,718,64.1,583,414,20797,1279,69,618,210,34,16.26,5.53,0.1,0.3,16.6,29,7,7,69.2,64.4,0.11,-0.2,-2.4,25.5,60.4,38,418,38,69,46,62,7,7,60,0,1.82,1.21,3.03,1.63,2.84,69.2,64.4,46.7,111.1,1.82,1.23,3.05,1.7,2.92,69.2,38.6,30.6,0.81
Crystal Palace,2019,50,0,1,5,2,55.7,0.34,7.7,0.2,237,710,33.4,848,180,53.4,39.6,313,82.1,57.4,651,23,3.5,27,0.71,12.4,686,390,367,244,75,316,711,44.4,395,399,135,264,444,1130,856,18,643,16.92,428,68,56,36,46,9,53,1.39,37,3,4,4,5,0,62,2,0,424,479,53,588,444,390,2,1,2,1915,771,776,49.8,16395,14377,1965,501,19,79,588,886,177,93,32,36,12274,53,318,12274,16395,74.9,212859,86923,5857,6822,85.9,4679,5712,81.9,1307,2747,47.6,20,26,24.4,-6,265,910,243,47,919,29.4,38,90,100,38,418,85,,98,20,185,1.13,31,50,-19,-0.5,35.8,57,-21.2,-0.56,44.8,38,20833,2395,7284,8983,4817,789,20830,432,698,61.9,611,479,12121,896,29,373,115,30.8,9.82,3.03,0.07,0.23,17,15,3,3,35.8,33.6,0.09,-6.8,-7.6,29.4,44.8,38,418,38,29,20,26,3,3,62,2,0.76,0.53,1.29,0.68,1.21,35.8,33.6,26,59.5,0.94,0.68,1.63,0.88,1.57,35.8,57,-21.2,-0.56
Everton,2019,56,3,3,5,3,50.2,0.32,-2.8,-0.07,270,730,37,1115,195,50.8,40.1,264,62.1,48.5,510,24,4.7,25,0.66,13.4,671,408,328,262,81,282,672,42,390,372,111,261,408,1079,778,13,804,21.16,536,86,47,69,51,15,67,1.76,47,4,4,9,3,0,76,3,3,472,394,58,804,408,408,0,4,3,1966,860,835,50.7,17736,15790,1888,463,55,165,804,853,203,105,80,2,13433,58,362,13433,17736,75.7,248821,94797,5670,6722,84.3,5545,6642,83.5,1728,3126,55.3,32,38.1,31.5,-6.1,340,987,288,93,1023,25.5,38,90,100,38,418,83,,120,24,164,1.29,44,56,-12,-0.32,50.8,48.3,2.5,0.07,49,38,21914,2523,7396,9517,5228,831,21913,374,609,61.4,593,345,13301,1009,42,468,159,34,12.32,4.18,0.09,0.26,16.4,20,1,1,50.8,50,0.11,-8.8,-9,25.5,49,38,418,38,42,32,41,1,1,76,3,1.11,0.84,1.95,1.08,1.92,50.8,50,38.1,88.1,1.34,1,2.34,1.32,2.32,50.8,48.3,2.5,0.07
Leicester,2019,41,8,0,5,2,44.3,0.26,5.3,0.14,180,398,45.2,951,159,31.5,33,241,40.7,36.1,507,14,2.8,34,0.89,17.2,742,432,347,320,75,298,725,41.1,427,420,92,328,423,1165,767,16,968,25.47,708,73,75,47,56,9,116,3.05,91,3,11,4,5,2,43,3,1,418,444,64,779,423,432,6,10,2,2104,659,674,49.4,21800,19817,1919,495,68,126,779,883,221,70,100,7,17600,64,368,17600,21800,80.7,304570,102448,8018,9017,88.9,7415,8600,86.2,1655,2913,56.8,48,44.9,35.3,3.1,405,1283,313,72,1180,26.1,38,90,100,38,418,84,,112,21,172,1.63,67,41,26,0.68,62.2,45.5,16.7,0.44,57.1,38,26145,2196,7811,12196,6353,919,26138,377,688,54.8,602,328,17423,1164,65,533,183,34.3,14.03,4.82,0.11,0.33,17.4,20,5,7,62.2,56.7,0.11,2.8,3.3,26.1,57.1,38,418,38,65,48,60,5,7,43,3,1.71,1.26,2.97,1.58,2.84,62.2,56.7,44.9,101.6,1.64,1.18,2.82,1.49,2.67,62.2,45.5,16.7,0.44
Liverpool,2019,33,1,1,2,1,27.1,0.25,-4.9,-0.13,121,288,42,1019,191,21.9,28.7,237,27.4,30.4,426,17,4,77,2.03,18.3,550,325,195,243,112,217,588,36.9,371,302,68,234,352,902,634,25,1043,27.45,799,77,60,54,36,17,148,3.89,108,11,10,9,8,2,38,1,0,331,293,53,896,352,325,4,1,1,2194,655,588,52.7,25891,23952,1886,440,68,283,896,879,257,63,125,2,21276,53,343,21276,25891,82.2,370797,117123,9557,10648,89.8,9007,10345,87.1,2038,3458,58.9,69,53,46.8,16,454,1630,477,93,1443,26.6,38,90,100,38,418,85,,127,17,157,2.61,85,33,52,1.37,68.9,37.7,31.2,0.82,62.9,38,29602,2083,7175,14848,7811,1181,29597,387,658,58.8,607,306,21083,1404,83,586,224,38.2,15.42,5.89,0.13,0.35,16.5,20,5,5,68.9,65,0.11,14.1,13,26.6,62.9,38,418,38,83,69,78,5,5,38,1,2.18,1.82,4,2.05,3.87,68.9,65,53,118,1.81,1.39,3.21,1.71,3.1,68.9,37.7,31.2,0.82
Man City,2019,35,3,1,4,1,34.1,0.29,0.1,0,92,227,40.5,1047,195,16.6,26.2,167,31.7,31.6,323,15,4.6,64,1.69,18.9,514,301,204,210,100,230,605,38,375,292,66,226,352,866,495,21,1356,35.68,1039,72,102,75,53,15,173,4.55,123,6,16,14,12,2,64,4,2,362,296,68,915,352,301,10,3,1,1959,515,498,50.8,28190,26549,1573,352,85,243,915,684,298,113,54,7,24557,68,329,24557,28190,87.1,410039,117432,11773,12714,92.6,9821,10885,90.2,2121,2963,71.6,69,68.4,62.7,0.6,582,1819,553,89,1627,26.9,38,90,100,38,418,83,,120,22,166,2.13,102,35,67,1.76,92,36.2,55.7,1.47,66.2,38,31762,2021,6814,15580,9622,1461,31752,487,721,67.5,456,341,24371,1612,100,735,250,34,19.34,6.58,0.13,0.38,16.4,27,6,11,92,83.6,0.12,8,10.4,26.9,66.2,38,418,38,100,69,94,6,11,64,4,2.63,1.82,4.45,2.47,4.29,92,83.6,68.4,152,2.42,1.8,4.22,2.2,4,92,36.2,55.7,1.47
Man United,2019,36,3,1,8,1,34.7,0.25,-0.3,-0.01,83,262,31.7,672,153,28.4,30.6,268,26.5,29,489,10,2,22,0.58,15,579,333,267,231,81,254,634,40.1,380,360,99,261,379,958,703,14,977,25.71,767,50,60,36,56,8,111,2.92,86,4,6,2,12,1,73,0,0,423,427,56,635,379,333,12,3,1,2084,557,512,52.1,21725,19836,1833,466,64,171,635,822,204,86,63,11,17744,56,381,17744,21725,81.7,294732,95203,8697,9751,89.2,6891,7957,86.6,1555,2646,58.8,43,38.5,36.2,4.5,402,1350,341,50,1256,24.8,38,90,100,38,418,85,,119,16,165,1.74,66,36,30,0.79,62.2,37.7,24.5,0.64,55.8,38,25708,2171,7214,11803,6919,874,25694,446,747,59.7,559,396,17570,1242,65,530,201,37.9,13.95,5.29,0.1,0.27,19.1,33,10,14,62.2,51.2,0.1,2.8,3.8,24.8,55.8,38,418,38,65,43,55,10,14,73,0,1.71,1.13,2.84,1.45,2.58,62.2,51.2,38.5,89.7,1.64,1.01,2.65,1.35,2.36,62.2,37.7,24.5,0.64
Newcastle,2019,58,2,3,8,2,63,0.32,7,0.18,288,750,38.4,749,119,60.7,42,340,86.8,58.3,686,21,3.1,26,0.68,11.6,603,357,364,198,41,273,632,43.2,359,402,152,250,391,994,988,19,705,18.55,491,75,55,38,37,9,62,1.63,41,6,4,6,4,1,66,3,0,370,423,75,591,391,357,0,2,2,1871,733,781,48.4,14566,12726,1765,463,18,151,591,715,151,68,45,13,10606,75,304,10606,14566,72.8,189511,75566,4963,5792,85.7,3781,4800,78.8,1351,2818,47.9,29,26.9,19.1,2.1,299,685,181,62,617,26.5,38,90,100,38,418,84,,118,20,166,1.16,38,58,-20,-0.53,35.5,65.6,-30.1,-0.79,39,38,18851,2416,7122,8154,3825,538,18850,400,674,59.3,594,288,10484,597,38,398,132,33.2,10.47,3.47,0.1,0.29,19.1,14,0,1,35.5,34.8,0.09,2.5,3.2,26.5,39,38,418,38,38,29,38,0,1,66,3,1,0.76,1.76,1,1.76,35.5,34.8,26.9,61.7,0.94,0.71,1.64,0.91,1.62,35.5,65.6,-30.1,-0.79
Norwich,2019,75,4,1,11,3,66.5,0.29,-5.5,-0.14,173,622,27.8,1292,211,36,34.5,349,45,38.6,682,30,4.4,26,0.68,12.8,628,379,359,210,59,267,700,38.1,433,453,171,282,397,1025,959,20,717,18.87,522,56,47,47,35,10,43,1.13,34,2,2,2,1,2,68,3,0,363,430,50,473,397,379,1,7,3,1989,518,673,43.5,18869,16961,1858,461,47,124,473,773,162,75,77,2,14965,50,373,14965,18869,79.3,243176,86309,7717,8664,89.1,5301,6196,85.6,1336,2696,49.6,18,27.4,23.6,-9.4,304,913,210,32,863,26,38,90,100,38,418,85,,126,17,157,0.55,26,75,-49,-1.29,37,66.4,-29.5,-0.78,49.3,38,23264,3130,9050,9799,4644,658,23262,427,706,60.5,591,405,14778,851,25,407,126,31,10.71,3.32,0.06,0.18,18,16,2,2,37,35.4,0.09,-12,-12.4,26,49.3,38,418,38,25,18,23,2,2,68,3,0.66,0.47,1.13,0.61,1.08,37,35.4,27.4,62.8,0.97,0.72,1.69,0.93,1.65,37,66.4,-29.5,-0.78
Sheffield United,2019,39,1,0,2,0,43.7,0.32,4.7,0.12,270,872,31,816,110,74.4,51.9,272,97.4,69.1,572,20,3.5,23,0.61,12.3,611,377,304,229,78,261,646,40.4,385,336,106,230,420,1031,931,16,630,16.58,457,62,44,38,23,6,63,1.66,47,3,6,6,1,0,63,2,1,412,306,78,866,420,377,1,3,0,2041,946,886,51.6,16858,14962,1818,375,15,206,866,882,212,150,18,18,12125,78,341,12125,16858,71.9,222335,83887,5714,6687,85.4,4480,5657,79.2,1579,3404,46.4,25,34,29.7,-9,269,1053,282,97,903,26.9,38,90,100,38,418,84,,110,22,171,1.42,39,39,0,0,43,51,-7.9,-0.21,43.1,38,20915,2191,6218,8892,5996,726,20914,346,535,64.7,519,292,11962,881,36,352,109,31,9.26,2.87,0.1,0.32,15.2,4,1,1,43,42.2,0.12,-7,-7.2,26.9,43.1,38,418,38,36,25,35,1,1,63,2,0.95,0.66,1.61,0.92,1.58,43,42.2,34,76.3,1.13,0.9,2.03,1.11,2.01,43,51,-7.9,-0.21
Southampton,2019,60,3,1,5,1,54.7,0.31,-4.3,-0.11,229,706,32.4,824,103,59.8,41.8,255,83.5,56.2,578,29,5,39,1.03,13.7,706,416,325,287,94,324,793,40.9,469,488,124,364,425,1131,867,21,841,22.13,559,75,70,53,60,24,77,2.03,41,3,15,8,7,3,55,4,1,450,388,58,690,425,416,4,4,1,2150,810,878,48,17468,15450,1960,448,27,133,690,950,210,106,87,5,12488,58,331,12488,17468,71.5,218809,83466,5869,7035,83.4,5027,6478,77.6,1240,2921,42.5,32,36.4,28.7,-4.4,340,1019,282,70,1024,25.9,38,90,100,38,418,85,,111,18,171,1.37,51,60,-9,-0.24,56.1,52.8,3.3,0.09,48.9,38,22122,2135,6211,10726,5444,808,22118,423,680,62.2,654,362,12300,993,51,494,171,34.6,13,4.5,0.1,0.29,17.8,27,2,5,56.1,52.1,0.11,-5.1,-3.1,25.9,48.9,38,418,38,51,32,49,2,5,55,4,1.34,0.84,2.18,1.29,2.13,56.1,52.1,36.4,88.5,1.48,0.96,2.43,1.37,2.33,56.1,52.8,3.3,0.09
Tottenham,2019,47,5,1,4,2,53,0.26,8,0.21,167,484,34.5,798,160,39.7,34.3,292,57.2,41.7,574,23,4,24,0.63,13.7,665,415,331,281,53,253,681,37.2,428,441,148,293,381,1046,894,24,779,20.5,589,43,54,37,38,18,95,2.5,62,3,14,10,4,2,84,3,1,423,424,66,641,381,415,4,7,2,2022,642,671,48.9,20296,18404,1826,464,79,113,641,785,200,116,51,1,16101,66,344,16101,20296,79.3,268557,90628,7859,8877,88.5,6303,7463,84.5,1350,2655,50.8,39,32.6,28.2,6.4,339,1077,283,47,1061,26.7,38,90,100,38,418,85,,113,18,171,1.55,61,47,14,0.37,47.9,54.2,-6.3,-0.17,52,38,24612,2590,7610,11786,5477,699,24609,449,747,60.1,577,437,15937,1041,56,440,154,35,11.58,4.05,0.12,0.34,18.4,21,3,4,47.9,44.7,0.1,8.1,8.3,26.7,52,38,418,38,56,39,53,3,4,84,3,1.47,1.03,2.5,1.39,2.42,47.9,44.7,32.6,77.3,1.26,0.86,2.12,1.18,2.03,47.9,54.2,-6.3,-0.17
Watford,2019,64,8,3,7,3,62.6,0.31,1.6,0.04,302,923,32.7,912,118,71.7,46.9,295,91.2,62.2,581,30,5.2,55,1.45,15.9,657,369,347,249,61,267,713,37.4,446,396,135,261,424,1081,869,4,724,19.05,499,69,44,42,56,14,58,1.53,34,6,3,4,8,3,80,3,2,481,342,68,684,424,369,7,9,3,1996,823,802,50.6,15775,13907,1800,398,11,134,684,838,167,92,49,2,11230,68,285,11230,15775,71.2,192765,78771,5578,6640,84,3901,5075,76.9,1244,2868,43.4,21,31.4,27.6,-10.4,303,848,253,69,834,28.9,38,90,100,38,418,84,,113,20,171,0.89,36,64,-28,-0.74,48.9,58.1,-9.3,-0.24,42.9,38,20009,2149,6262,8875,5100,804,20001,321,576,55.7,549,348,11079,816,35,416,112,26.9,10.95,2.95,0.07,0.25,17.3,18,7,8,48.9,42.6,0.1,-13.9,-14.6,28.9,42.9,38,418,38,35,21,28,7,8,80,3,0.92,0.55,1.47,0.74,1.29,48.9,42.6,31.4,74,1.29,0.83,2.11,1.12,1.95,48.9,58.1,-9.3,-0.24
West Ham,2019,62,5,2,6,3,60.5,0.3,1.5,0.04,288,743,38.8,773,142,62.7,44.1,291,88.7,58.9,600,12,2,22,0.58,12.2,696,417,374,263,59,300,745,40.3,445,383,117,266,421,1117,789,16,736,19.37,515,77,42,43,47,12,89,2.34,62,7,5,7,8,0,64,1,1,387,345,66,737,421,417,3,6,3,2052,855,801,51.6,16861,14967,1828,432,38,156,737,815,190,111,54,6,12451,66,358,12451,16861,73.8,221660,89417,6048,7124,84.9,4538,5680,79.9,1515,2997,50.6,36,36.7,33.4,-0.7,328,1083,244,80,954,27.4,38,90,100,38,418,85,,107,21,177,1.03,49,62,-13,-0.34,48.6,63.8,-15.3,-0.4,44.1,38,20914,2172,6275,9659,5199,737,20910,397,663,59.9,496,322,12297,939,49,413,156,37.8,10.87,4.11,0.11,0.29,16.4,13,4,4,48.6,45.4,0.11,0.4,-0.4,27.4,44.1,38,418,38,49,36,45,4,4,64,1,1.29,0.95,2.24,1.18,2.13,48.6,45.4,36.7,82.1,1.28,0.97,2.24,1.2,2.16,48.6,63.8,-15.3,-0.4
Wolves,2019,40,1,1,6,1,35.5,0.26,-3.5,-0.09,250,528,47.3,578,127,53.1,39,283,78.1,48.7,530,20,3.8,11,0.29,11.7,646,367,358,227,61,281,685,41,404,378,109,269,437,1083,702,23,801,21.08,541,70,79,47,46,18,83,2.18,53,6,9,8,7,0,61,2,2,407,360,49,718,437,367,4,3,1,2113,775,711,52.2,18474,16650,1775,405,40,203,718,816,193,55,80,0,14298,49,323,14298,18474,77.4,266628,97031,5979,6942,86.1,5777,6928,83.4,1985,3308,60,34,37.5,30,-3.5,339,1015,223,83,959,26.6,38,90,100,38,418,86,,97,19,187,1.55,51,40,11,0.29,54.1,38,16.1,0.42,48.3,38,22570,2001,6987,10742,5059,772,22566,509,817,62.3,540,338,14125,939,49,457,142,31.1,12.03,3.74,0.1,0.32,17.4,13,4,4,54.1,51,0.11,-5.1,-6,26.6,48.3,38,418,38,49,34,45,4,4,61,2,1.29,0.89,2.18,1.18,2.08,54.1,51,37.5,88.5,1.42,0.99,2.41,1.34,2.33,54.1,38,16.1,0.42
Arsenal,2018,51,7,1,3,1,53.5,0.26,3.5,0.09,159,478,33.3,1093,227,29.2,31.5,280,56.8,45.5,489,16,3.3,48,1.26,14.9,609,366,294,236,79,228,535,42.6,307,424,118,306,412,1021,798,28,831,21.87,655,58,50,34,22,12,116,3.05,91,6,5,6,7,1,73,2,1,412,455,89,605,412,366,4,7,1,2000,555,637,46.6,22549,20518,1942,543,65,152,605,823,209,59,65,2,18425,89,453,18425,22549,81.7,313400,105044,8573,9619,89.1,7384,8450,87.4,1716,2882,59.5,52,46.7,43.9,5.3,363,1220,417,63,1348,26.7,38,90,100,38,418,83,,113,26,153,1.84,73,51,22,0.58,60.1,54.2,5.9,0.15,58.1,38,26585,2481,8013,12351,6430,965,26580,304,536,56.7,564,409,18223,1326,69,462,159,34.4,12.16,4.18,0.14,0.41,16.7,11,4,5,60.1,56,0.12,8.9,9,26.7,58.1,38,418,38,69,52,65,4,5,73,2,1.82,1.37,3.18,1.71,3.08,60.1,56,46.7,102.7,1.58,1.23,2.81,1.47,2.7,60.1,54.2,5.9,0.15
Bournemouth,2018,70,5,2,6,3,55.2,0.3,-11.8,-0.31,191,512,37.3,744,203,40.9,35.8,318,65.4,48.7,596,28,4.7,30,0.79,12.8,525,299,285,185,55,216,494,43.7,278,405,152,253,371,896,1098,21,787,20.71,559,83,45,39,47,14,99,2.61,64,9,8,6,9,3,60,1,0,340,441,57,613,371,299,8,5,3,1910,701,736,48.8,17650,15632,1961,512,57,84,613,832,191,74,58,2,13505,57,435,13505,17650,76.5,231203,90991,6643,7752,85.7,5284,6436,82.1,1261,2489,50.7,43,38.8,34,4.2,330,979,330,76,1090,26.6,38,90,100,38,418,86,,104,17,162,1.18,56,70,-14,-0.37,53.3,57.2,-3.9,-0.1,46.9,38,21971,2442,7575,9459,5190,834,21962,291,578,50.3,565,356,13332,1067,55,437,153,35,11.5,4.03,0.11,0.31,17.4,16,7,9,53.3,46.2,0.11,1.7,1.8,26.6,46.9,38,418,38,55,43,48,7,9,60,1,1.45,1.13,2.58,1.26,2.39,53.3,46.2,38.8,85,1.4,1.02,2.42,1.22,2.24,53.3,57.2,-3.9,-0.1
Brighton,2018,60,10,1,5,0,55.9,0.28,-4.1,-0.11,328,822,39.9,776,109,62.8,43.2,358,93.6,59.4,561,20,3.6,13,0.34,11.9,679,391,363,238,78,264,582,45.4,318,415,170,245,463,1142,1001,17,646,17,427,87,40,35,45,12,55,1.45,29,9,1,7,8,1,61,4,1,463,301,90,636,463,391,5,10,0,1979,824,780,51.4,15824,13912,1822,330,15,188,636,880,156,90,44,4,11491,90,342,11491,15824,72.6,217603,86066,5120,6084,84.2,4413,5549,79.5,1639,3202,51.2,24,24.5,23.1,-0.5,281,887,223,81,808,27.4,38,90,100,38,418,84,,99,22,167,0.95,35,60,-25,-0.66,35.3,59.1,-23.8,-0.63,42.4,38,20172,2481,7049,9023,4302,576,20167,269,516,52.1,590,336,11333,793,35,364,99,27.2,9.58,2.61,0.08,0.3,17.9,12,5,6,35.3,30.7,0.09,-0.3,-0.7,27.4,42.4,38,418,38,35,24,30,5,6,61,4,0.92,0.63,1.55,0.79,1.42,35.3,30.7,24.5,55.2,0.93,0.64,1.57,0.81,1.45,35.3,59.1,-23.8,-0.63
Burnley,2018,68,2,2,8,4,58,0.28,-6,-0.16,381,957,39.8,848,95,74.6,48.7,353,91.8,63,643,14,2.2,43,1.13,15.1,584,311,280,246,58,237,539,44,302,516,222,294,367,951,1156,19,624,16.42,417,81,14,55,52,5,69,1.82,45,8,0,13,3,0,75,1,0,360,356,106,692,367,311,1,3,4,1955,1016,1025,49.8,14793,12804,1883,395,35,108,692,891,139,98,22,9,10134,106,327,10134,14793,68.5,194079,85015,4537,5520,82.2,3643,4790,76.1,1595,3463,46.1,32,31.2,27.6,0.8,254,879,239,82,825,28,38,90,100,38,418,86,,86,18,180,1.05,45,68,-23,-0.61,44.4,62.1,-17.7,-0.47,41.2,38,19109,2550,6116,8854,4340,628,19106,207,370,55.9,525,314,9969,807,43,358,112,31.3,9.42,2.95,0.11,0.37,15.8,14,2,2,44.4,42.8,0.12,-1.4,-1.8,28,41.2,38,418,38,43,32,41,2,2,75,1,1.13,0.84,1.97,1.08,1.92,44.4,42.8,31.2,74,1.17,0.82,1.99,1.13,1.95,44.4,62.1,-17.7,-0.47
Cardiff,2018,69,4,1,12,0,68.2,0.3,-0.8,-0.02,337,1076,31.3,876,51,86.6,50.9,319,99.4,65.6,536,15,2.8,46,1.21,15.4,655,375,357,234,64,241,607,39.7,366,490,147,343,529,1184,1034,18,693,18.24,456,96,33,57,47,4,50,1.32,32,4,3,9,2,0,66,1,0,374,390,77,562,529,375,2,7,0,1975,966,966,50,11715,9823,1815,423,39,60,562,799,168,102,35,19,7170,77,313,7170,11715,61.2,138500,66941,3143,4097,76.7,2540,3622,70.1,1160,2987,38.8,20,27.6,25.4,-7.6,294,768,175,57,659,27.7,38,90,100,38,418,85,,109,18,157,0.89,34,69,-35,-0.92,42.4,61.5,-19.1,-0.5,35.4,38,16223,2241,5485,6514,4422,702,16219,260,475,54.7,519,332,7027,639,33,413,113,27.4,10.87,2.97,0.07,0.27,17.7,13,3,4,42.4,39.2,0.1,-9.4,-9.2,27.7,35.4,38,418,38,33,20,30,3,4,66,1,0.87,0.53,1.39,0.79,1.32,42.4,39.2,27.6,66.8,1.11,0.73,1.84,1.03,1.76,42.4,61.5,-19.1,-0.5
Chelsea,2018,39,1,0,6,0,36.8,0.28,-2.2,-0.06,123,250,49.2,950,165,15.9,26.1,272,36.4,37.1,395,16,4.1,35,0.92,17.6,618,365,280,245,93,241,541,44.5,300,357,73,284,353,971,645,16,1128,29.68,890,58,61,45,54,20,114,3,82,5,13,7,6,1,49,0,0,339,424,83,692,353,365,5,2,0,2171,523,504,50.9,26774,24894,1797,471,146,216,692,762,215,74,86,19,22960,83,434,22960,26774,85.8,357355,116579,12272,13378,91.7,7956,8992,88.5,1700,2561,66.4,52,44.9,45.9,7.1,482,1640,415,65,1472,27.3,38,90,100,38,418,85,,113,20,153,1.89,63,39,24,0.63,58.6,36.4,22.2,0.58,62.9,38,30661,2116,7626,14417,8865,1019,30656,449,703,63.9,512,458,22747,1449,61,602,192,31.9,15.84,5.05,0.09,0.29,17.8,30,5,5,58.6,54.6,0.09,2.4,1.4,27.3,62.9,38,418,38,61,52,56,5,5,49,0,1.61,1.37,2.97,1.47,2.84,58.6,54.6,44.9,99.6,1.54,1.18,2.72,1.44,2.62,58.6,36.4,22.2,0.58
Crystal Palace,2018,53,4,1,7,1,46.7,0.26,-5.3,-0.14,245,769,31.9,793,159,58.6,42.8,347,87.6,60.4,635,27,4.3,25,0.66,12.7,733,446,398,270,65,281,590,47.6,309,441,141,300,445,1178,1011,17,860,22.63,607,72,55,62,50,14,86,2.26,51,6,7,8,13,1,58,2,1,386,391,78,577,445,446,10,5,1,1996,680,706,49.1,16870,14898,1894,435,26,101,577,816,205,89,30,62,12697,78,367,12697,16870,75.3,222304,89989,6129,7072,86.7,4802,5866,81.9,1371,2862,47.9,33,29.5,27.1,3.5,358,1003,275,63,1082,27.4,38,90,100,38,418,87,,92,14,174,1.29,51,53,-2,-0.05,47.6,50.1,-2.5,-0.07,45.2,38,21602,2335,7091,9708,5052,878,21591,377,667,56.5,576,473,12527,1059,48,482,135,28,12.68,3.55,0.08,0.28,18.4,16,10,11,47.6,39.2,0.08,0.4,-1.2,27.4,45.2,38,418,38,48,33,38,10,11,58,2,1.26,0.87,2.13,1,1.87,47.6,39.2,29.5,68.7,1.25,0.78,2.03,1.03,1.81,47.6,50.1,-2.5,-0.07
Everton,2018,46,2,2,9,2,45.3,0.3,1.3,0.03,253,724,34.9,979,152,54,42.3,291,67,53.7,431,14,3.2,40,1.05,17.3,699,441,326,290,83,220,511,43.1,291,414,85,329,453,1152,877,21,842,22.16,573,88,56,61,56,8,93,2.45,65,5,8,12,3,0,56,4,1,432,418,69,814,453,441,4,5,2,2157,872,877,49.9,18477,16376,2032,495,44,140,814,947,215,79,114,4,13878,69,416,13878,18477,75.1,242908,92894,6427,7566,84.9,5206,6428,81,1589,3045,52.2,34,33.7,30.4,0.3,353,1102,298,94,1126,25.7,38,90,100,38,418,85,,111,16,155,1.42,54,46,8,0.21,49.7,45.7,4,0.1,51.5,38,22893,2178,6893,10447,5800,848,22889,328,587,55.9,693,469,13698,1098,53,493,163,33.1,12.97,4.29,0.1,0.31,16.9,20,2,5,49.7,45.7,0.1,3.3,5.3,25.7,51.5,38,418,38,53,34,51,2,5,56,4,1.39,0.89,2.29,1.34,2.24,49.7,45.7,33.7,79.4,1.31,0.89,2.19,1.2,2.09,49.7,45.7,4,0.1
Fulham,2018,81,5,1,10,2,72.4,0.3,-6.6,-0.17,332,777,42.7,834,137,57.7,40.5,356,83.1,54.8,629,9,1.4,42,1.11,14.5,596,362,310,231,55,224,524,42.7,300,425,144,281,434,1030,1030,28,813,21.39,600,73,47,56,28,9,59,1.55,42,3,6,5,3,0,70,2,2,423,342,90,611,434,362,2,7,2,2072,742,718,50.8,19303,17396,1817,412,33,145,611,769,161,57,62,7,15096,90,339,15096,19303,78.2,265652,102125,7060,7958,88.7,6054,7206,84,1538,3015,51,24,30,26.3,-6,350,1106,233,69,1085,26,38,90,100,38,418,84,,108,22,158,0.68,34,81,-47,-1.24,41.3,68.2,-26.8,-0.71,48.8,38,23683,2600,7312,11886,4690,586,23680,352,566,62.2,594,486,14908,1056,33,451,140,31,11.87,3.68,0.07,0.22,19,10,2,3,41.3,39,0.09,-8.3,-8,26,48.8,38,418,38,33,24,31,2,3,70,2,0.87,0.63,1.5,0.82,1.45,41.3,39,30,69,1.09,0.79,1.88,1.03,1.82,41.3,68.2,-26.8,-0.71
Huddersfield,2018,76,7,3,7,1,61.1,0.29,-13.9,-0.37,339,815,41.6,1062,109,55.9,42,281,78.6,56,426,30,7,34,0.89,13.3,708,425,323,315,70,263,625,42.1,362,496,130,366,531,1239,682,15,681,17.92,486,74,27,43,37,14,33,0.87,23,4,0,3,3,0,56,4,1,420,370,63,768,531,425,1,9,1,2063,844,807,51.1,17777,15783,1931,444,22,130,768,930,162,80,55,11,13045,63,418,13045,17777,73.4,237346,93900,6045,7200,84,4765,6029,79,1792,3398,52.7,13,19.9,17.4,-6.9,283,1023,208,93,843,26.2,38,90,100,38,418,84,,107,22,159,0.42,22,76,-54,-1.42,28.8,60.9,-32.2,-0.85,47.2,38,21890,2087,6894,9995,5238,591,21889,230,443,51.9,567,399,12879,826,21,400,116,29,10.53,3.05,0.05,0.17,19.1,15,1,1,28.8,28,0.07,-7.8,-8,26.2,47.2,38,418,38,21,13,20,1,1,56,4,0.55,0.34,0.89,0.53,0.87,28.8,28,19.9,47.9,0.76,0.52,1.28,0.74,1.26,28.8,60.9,-32.2,-0.85
Leicester,2018,48,5,0,4,0,40,0.26,-8,-0.21,282,639,44.1,935,127,44.3,37.7,310,72.6,52.3,534,12,2.2,25,0.66,12.5,675,393,344,277,54,237,549,43.2,312,429,96,333,438,1113,1034,24,899,23.66,627,87,64,55,50,16,85,2.24,59,3,7,7,9,0,60,5,3,351,378,72,779,438,393,6,5,0,2087,811,679,54.4,19068,17065,1931,453,88,186,779,872,210,82,86,14,14640,72,395,14640,19068,76.8,259605,95052,6805,7883,86.3,5513,6788,81.2,1752,3120,56.2,34,37.6,31.5,-3.6,381,1181,264,66,1111,25.9,38,90,100,38,418,85,,111,18,155,1.37,51,48,3,0.08,52.4,43.7,8.7,0.23,50.9,38,23536,2241,7078,10966,5748,787,23530,392,664,59,582,357,14487,1088,48,508,173,34.1,13.37,4.55,0.08,0.25,18.6,19,5,7,52.4,47.3,0.1,-4.4,-4.3,25.9,50.9,38,418,38,48,34,43,5,7,60,5,1.26,0.89,2.16,1.13,2.03,52.4,47.3,37.6,84.9,1.38,0.99,2.37,1.24,2.23,52.4,43.7,8.7,0.23
Liverpool,2018,22,0,0,5,0,27.2,0.29,5.2,0.14,129,311,41.5,1072,212,20.1,28.8,216,44,41.3,385,16,4.2,59,1.55,16.6,613,377,257,280,76,251,556,45.1,305,361,78,283,314,927,670,16,1013,26.66,747,74,77,56,45,14,149,3.92,104,10,14,10,10,1,39,2,2,315,347,77,721,314,377,7,1,0,2111,593,587,50.3,25571,23583,1911,463,98,185,721,923,249,82,102,5,21146,77,394,21146,25571,82.7,364398,118593,9634,10759,89.5,8817,10042,87.8,1982,3284,60.4,55,49.8,52.6,5.2,422,1520,495,75,1532,26.1,38,90,100,38,418,86,,109,15,157,2.55,89,22,67,1.76,73.7,28.8,44.9,1.18,61.8,38,29423,1945,6907,15324,7427,1118,29416,356,619,57.5,603,424,20961,1498,86,568,211,37.1,14.95,5.55,0.14,0.37,17,20,7,7,73.7,68.4,0.12,12.3,10.6,26.1,61.8,38,418,38,86,55,79,7,7,39,2,2.26,1.45,3.71,2.08,3.53,73.7,68.4,49.8,118.2,1.94,1.31,3.25,1.8,3.11,73.7,28.8,44.9,1.18
Man City,2018,23,4,1,5,0,23.3,0.25,0.3,0.01,98,239,41,919,188,17.1,26.8,189,43.4,42.9,282,19,6.7,41,1.08,16.9,518,327,214,215,89,193,467,41.3,274,319,63,256,362,880,570,15,1214,31.95,926,71,91,71,44,11,168,4.42,139,6,9,5,8,1,44,1,0,328,301,98,783,362,327,4,4,0,2000,540,522,50.8,28389,26660,1631,344,112,226,783,739,298,85,121,1,24678,98,384,24678,28389,86.9,395041,113552,12249,13188,92.9,9318,10379,89.8,1907,2834,67.3,71,65.5,63.6,5.5,516,1948,554,62,1648,26.7,38,90,100,38,418,86,,108,17,158,2.58,95,23,72,1.89,84.3,24.7,59.6,1.57,67.9,38,32110,1824,6104,16557,9689,1457,32106,437,734,59.5,509,393,24454,1621,91,679,252,37.1,17.87,6.63,0.13,0.35,16.9,21,3,4,84.3,81.3,0.12,6.7,6.7,26.7,67.9,38,418,38,91,71,88,3,4,44,1,2.39,1.87,4.26,2.32,4.18,84.3,81.3,65.5,146.7,2.22,1.72,3.94,2.14,3.86,84.3,24.7,59.6,1.57
Man United,2018,54,6,2,7,3,49.9,0.26,-1.1,-0.03,265,620,42.7,769,153,46.6,38.2,332,78.9,54.6,524,9,1.7,25,0.66,13.4,581,347,280,239,62,240,544,44.1,304,445,128,317,355,936,847,26,957,25.18,730,61,54,53,52,7,118,3.11,81,4,12,10,10,1,75,4,2,433,397,90,638,355,347,11,6,3,1969,687,550,55.5,20942,18934,1918,435,63,207,638,859,200,78,70,20,16834,90,373,16834,20942,80.4,284489,101726,7987,8945,89.3,6247,7334,85.2,1704,2961,57.5,40,39.6,38.3,0.4,381,1219,339,58,1291,26.3,38,90,100,38,418,85,,112,20,154,1.74,65,54,11,0.29,61.4,50.6,10.8,0.29,54.7,38,24998,2272,6751,12538,5908,878,24987,321,553,58,528,424,16677,1275,65,514,210,40.9,13.53,5.53,0.11,0.27,18.7,27,9,12,61.4,52,0.1,3.6,4,26.3,54.7,38,418,38,65,40,56,9,12,75,4,1.71,1.05,2.76,1.47,2.53,61.4,52,39.6,91.6,1.62,1.04,2.66,1.37,2.41,61.4,50.6,10.8,0.29
Newcastle,2018,48,6,2,9,1,42.3,0.27,-4.7,-0.12,250,708,35.3,850,140,51.1,38.9,323,84.8,57.9,651,43,6.6,33,0.87,12,711,433,356,291,64,241,565,42.7,324,472,135,337,506,1217,1204,16,784,20.63,571,77,33,43,42,18,68,1.79,46,5,4,10,2,1,57,2,0,423,332,59,711,506,433,2,6,1,2034,785,914,46.2,15231,13359,1813,389,50,217,711,835,181,73,71,11,10774,59,353,10774,15231,70.7,197303,79472,4812,5773,83.4,3758,4863,77.3,1584,3269,48.5,33,27.4,23.4,5.6,324,792,255,99,766,26.9,38,90,100,38,418,86,,99,17,167,1.18,42,48,-6,-0.16,39.1,53.6,-14.5,-0.38,40.4,38,19978,2366,7047,8734,4396,632,19975,236,444,53.2,590,400,10638,749,41,443,136,30.7,11.66,3.58,0.09,0.29,18.8,16,1,3,39.1,36.7,0.09,1.9,3.3,26.9,40.4,38,418,38,41,33,40,1,3,57,2,1.08,0.87,1.95,1.05,1.92,39.1,36.7,27.4,64.1,1.03,0.72,1.75,0.97,1.69,39.1,53.6,-14.5,-0.38
Southampton,2018,65,2,0,6,3,54,0.3,-8,-0.21,213,714,29.8,709,103,65.6,44.5,287,86.8,58.8,546,20,3.7,29,0.76,12.4,698,428,335,283,80,277,646,42.9,369,533,153,380,549,1247,1128,18,819,21.55,565,73,49,62,47,23,77,2.03,54,3,3,6,7,4,73,3,2,420,341,61,666,549,428,4,3,3,2053,767,873,46.8,15930,14072,1797,409,35,139,666,805,193,97,63,22,11463,61,349,11463,15930,72,201495,79147,5615,6610,84.9,4317,5535,78,1241,2873,43.2,27,29.3,27.9,-2.3,337,1086,260,68,996,25.4,38,90,100,38,418,85,,107,20,159,1.03,45,65,-20,-0.53,46.9,55.1,-8.2,-0.22,43.4,38,20735,2164,5999,9937,5016,701,20730,287,508,56.5,539,380,11296,971,44,479,155,32.4,12.61,4.08,0.08,0.26,18.9,20,4,5,46.9,43.4,0.1,-2.9,-3.4,25.4,43.4,38,418,38,44,27,40,4,5,73,3,1.16,0.71,1.87,1.05,1.76,46.9,43.4,29.3,72.7,1.23,0.77,2,1.14,1.91,46.9,55.1,-8.2,-0.22
Tottenham,2018,39,3,1,7,3,47.7,0.28,11.7,0.31,183,464,39.4,1089,191,28.8,31.6,288,52.1,43.1,514,16,3.1,40,1.05,14.8,627,373,310,237,80,268,577,46.4,309,415,112,303,325,952,823,20,937,24.66,676,81,62,55,46,17,115,3.03,81,9,6,11,7,1,57,3,1,376,364,74,643,325,373,3,5,3,2107,599,611,49.5,23056,21115,1867,457,87,136,643,851,194,54,81,5,18808,74,445,18808,23056,81.6,324971,107296,8731,9745,89.6,7694,8904,86.4,1810,3083,58.7,47,39.1,36.2,7.9,392,1283,364,90,1277,26.8,38,90,100,38,418,86,,106,15,160,1.87,67,39,28,0.74,54.9,47.1,7.8,0.2,59,38,27197,2495,7725,13402,6325,868,27193,370,672,55.1,603,349,18617,1255,66,533,182,34.1,14.03,4.79,0.12,0.34,18.1,23,4,4,54.9,51.8,0.1,11.1,10.2,26.8,59,38,418,38,66,47,62,4,4,57,3,1.74,1.24,2.97,1.63,2.87,54.9,51.8,39.1,90.9,1.44,1.03,2.47,1.36,2.39,54.9,47.1,7.8,0.2
Watford,2018,59,4,2,6,3,55.5,0.3,-0.5,-0.01,340,941,36.1,942,98,69.9,45.9,308,91.9,63.2,575,31,5.4,72,1.89,16.9,656,391,350,243,63,257,622,41.3,365,404,120,284,428,1084,1022,18,724,19.05,523,56,46,42,46,11,83,2.18,48,8,15,6,4,2,79,4,1,433,382,89,570,428,391,1,5,3,2021,753,797,48.6,16974,15065,1820,483,32,117,570,755,177,84,55,0,12550,89,348,12550,16974,73.9,213157,87312,6240,7278,85.7,4322,5450,79.3,1370,2902,47.2,39,34.8,28.5,4.2,310,944,291,55,987,28.5,38,90,100,38,418,85,,103,18,163,1.32,52,59,-7,-0.18,48.2,59.2,-11,-0.29,46.7,38,21427,2264,6519,9866,5229,831,21426,292,543,53.8,586,418,12387,966,51,436,148,33.9,11.47,3.89,0.11,0.34,17.3,22,1,1,48.2,47.4,0.11,2.8,2.6,28.5,46.7,38,418,38,51,39,50,1,1,79,4,1.34,1.03,2.37,1.32,2.34,48.2,47.4,34.8,82.3,1.27,0.92,2.19,1.25,2.17,48.2,59.2,-11,-0.29
West Ham,2018,55,4,0,10,1,62.7,0.31,8.7,0.23,306,825,37.1,917,155,59,43,309,91.9,61.3,554,29,5.2,16,0.42,12.1,723,393,385,279,59,295,697,42.3,402,488,142,346,457,1180,926,16,771,20.29,545,77,43,54,35,17,88,2.32,60,5,7,10,5,1,59,1,0,331,388,71,631,457,393,5,5,1,2104,636,620,50.6,18038,16053,1914,501,75,161,631,824,188,86,82,4,13847,71,416,13847,18038,76.8,239173,90493,6655,7661,86.9,4834,5923,81.6,1640,2995,54.8,33,34.1,30.9,-1.1,325,1005,266,55,1020,27.6,38,90,100,38,418,84,,113,23,152,1.37,52,55,-3,-0.08,47.6,61.9,-14.3,-0.38,48.6,38,22448,2362,6347,11061,5280,777,22443,389,668,58.2,552,390,13707,1009,51,436,149,34.2,11.47,3.92,0.11,0.31,17.2,17,5,5,47.6,43.8,0.1,3.4,2.2,27.6,48.6,38,418,38,51,33,46,5,5,59,1,1.34,0.87,2.21,1.21,2.08,47.6,43.8,34.1,77.9,1.25,0.9,2.15,1.15,2.05,47.6,61.9,-14.3,-0.38
Wolves,2018,46,3,1,6,4,39.4,0.26,-2.6,-0.07,218,552,39.5,593,105,52.4,39.1,291,82.8,50.5,508,15,3,18,0.47,12.1,720,408,385,284,51,283,664,42.6,381,499,148,351,501,1221,895,23,830,21.84,607,69,53,48,40,13,83,2.18,58,6,5,6,8,0,73,1,0,409,325,73,622,501,408,4,4,4,2239,803,788,50.5,18261,16415,1773,361,51,194,622,843,195,63,87,3,13961,73,394,13961,18261,76.5,255562,92520,5966,6900,86.5,5519,6661,82.9,1884,3353,56.2,35,39.4,30.3,-4.4,348,1053,242,73,1009,26.1,38,90,100,38,418,85,,110,17,156,1.5,47,46,1,0.03,52.1,42.1,10.1,0.26,46.8,38,22612,2105,6757,11080,5003,701,22608,331,596,55.5,498,401,13788,987,46,473,144,30.4,12.45,3.79,0.09,0.29,17.7,12,4,4,52.1,49,0.11,-6.1,-7,26.1,46.8,38,418,38,46,35,42,4,4,73,1,1.21,0.92,2.13,1.11,2.03,52.1,49,39.4,88.4,1.37,1.04,2.41,1.29,2.33,52.1,42.1,10.1,0.26
Arsenal,2017,51,5,0,6,0,48.4,0.29,-2.6,-0.07,164,460,35.7,925,250,32.9,33.7,253,61.7,47.3,508,39,7.7,59,1.55,14.3,623,425,312,227,84,218,581,37.5,363,372,103,269,427,1050,879,33,1079,28.39,830,53,70,65,53,8,131,3.45,95,8,7,12,7,2,,,0,383,377,89,572,427,425,5,6,0,2148,630,660,48.8,25193,23347,1757,432,117,151,572,758,225,132,49,4,20878,89,413,20878,25193,82.9,353044,121347,9800,10957,89.4,8683,9926,87.5,1749,2912,60.1,61,53.3,55.2,7.7,444,1658,478,49,1631,26.8,38,90,100,38,418,,,101,0,165,1.66,74,51,23,0.61,68.3,47.8,20.5,0.54,61.4,38,29053,2215,7507,13534,8229,1098,29048,383,547,70,540,412,20681,1612,73,589,223,37.9,15.5,5.87,0.12,0.31,17.9,30,4,5,68.3,64.3,0.11,4.7,4.7,26.8,61.4,38,418,38,73,61,69,4,5,,,1.92,1.61,3.53,1.82,3.42,68.3,64.3,53.3,117.6,1.8,1.4,3.2,1.69,3.1,68.3,47.8,20.5,0.54
Bournemouth,2017,61,2,2,7,1,54.8,0.31,-5.2,-0.14,223,647,34.5,832,215,45.7,38.9,328,81.4,55.5,611,35,5.7,18,0.47,10.2,509,324,272,187,50,198,525,37.7,327,453,160,293,367,876,1129,25,809,21.29,582,78,52,43,39,15,83,2.18,53,8,5,8,7,2,,,1,339,411,52,707,367,324,2,3,1,1956,698,750,48.2,17962,15874,2036,534,37,112,707,857,218,104,65,1,13450,52,412,13450,17962,74.9,251393,100293,5626,6838,82.3,5928,7241,81.9,1638,3176,51.6,36,29.1,30.3,6.9,348,1220,291,67,1119,26.9,38,90,100,38,418,,,109,0,157,1.16,45,61,-16,-0.42,38.8,59.2,-20.4,-0.54,48.1,38,22169,2423,7646,9442,5325,780,22166,343,638,53.8,564,419,13269,1095,45,462,153,33.1,12.16,4.03,0.09,0.27,18.3,15,3,3,38.8,36.4,0.08,6.2,5.6,26.9,48.1,38,418,38,45,36,42,3,3,,,1.18,0.95,2.13,1.11,2.05,38.8,36.4,29.1,65.5,1.02,0.77,1.79,0.96,1.72,38.8,59.2,-20.4,-0.54
Brighton,2017,54,1,1,15,5,48.8,0.28,-0.2,-0.01,345,875,39.4,823,122,66.5,44.5,352,93.2,57.9,623,38,6.1,17,0.45,10.2,599,380,360,205,34,205,642,31.9,437,430,190,240,449,1048,1182,18,684,18,489,73,46,37,31,8,60,1.58,43,3,4,4,6,0,,,0,413,277,98,680,449,380,7,3,5,2122,796,777,50.6,16372,14549,1725,322,32,203,680,797,163,89,59,5,11838,98,355,11838,16372,72.3,227791,89036,4898,5881,83.3,4601,5764,79.8,1872,3610,51.9,25,26.2,22.5,-1.2,283,885,193,65,901,27.5,38,90,100,38,418,,,101,0,165,1.05,34,54,-20,-0.53,37,50.8,-13.8,-0.36,43.7,38,20405,2540,7482,8745,4410,585,20398,299,487,61.4,496,296,11679,883,33,377,110,29.2,9.92,2.89,0.07,0.25,18.3,4,5,7,37,31.8,0.09,-4,-3.8,27.5,43.7,38,418,38,33,25,28,5,7,,,0.87,0.66,1.53,0.74,1.39,37,31.8,26.2,58,0.97,0.69,1.66,0.84,1.53,37,50.8,-13.8,-0.36
Burnley,2017,39,3,0,4,1,47.3,0.28,9.3,0.25,382,1074,35.6,1004,140,76.5,43.6,329,93,66.1,662,59,8.9,40,1.05,12.5,533,355,272,217,44,204,553,36.9,349,457,191,266,400,933,1300,8,665,17.5,441,88,36,43,48,9,58,1.53,37,4,4,11,2,0,,,0,350,422,100,707,400,355,0,5,1,1875,912,967,48.5,15340,13382,1858,463,19,107,707,822,167,69,66,14,10524,100,313,10524,15340,68.6,209049,89785,4349,5306,82,4168,5417,76.9,1695,3719,45.6,26,23.6,23.5,2.4,278,974,213,89,826,27.5,38,90,100,38,418,,,83,0,183,1.42,36,39,-3,-0.08,32.3,51.2,-18.9,-0.5,43.7,38,19387,2386,6339,8939,4291,586,19387,218,345,63.2,489,345,10359,806,35,378,126,33.3,9.95,3.32,0.09,0.28,17,16,0,0,32.3,32.3,0.09,2.7,2.7,27.5,43.7,38,418,38,35,26,35,0,0,,,0.92,0.68,1.61,0.92,1.61,32.3,32.3,23.6,55.9,0.85,0.62,1.47,0.85,1.47,32.3,51.2,-18.9,-0.5
Chelsea,2017,38,2,0,2,2,35.1,0.29,-0.9,-0.02,169,468,36.1,1034,226,32,33.4,263,52.1,45.7,479,27,5.6,29,0.76,13.8,636,426,321,251,64,208,550,37.8,342,365,107,258,424,1060,842,24,1115,29.34,840,83,81,54,46,11,110,2.89,84,7,8,3,8,0,,,2,363,405,108,755,424,426,3,2,2,2233,602,506,54.3,23101,21232,1761,445,69,203,755,748,230,54,76,7,18967,108,405,18967,23101,82.1,329238,111568,8564,9566,89.5,7753,8910,87,1892,3091,61.2,42,41.5,43.3,0.5,482,1431,398,74,1424,26.7,38,90,100,38,418,,,109,0,157,1.84,62,38,24,0.63,54.4,33.8,20.6,0.54,55.6,38,27032,2311,8072,12024,7255,992,27029,513,734,69.9,533,414,18771,1395,60,603,210,34.8,15.87,5.53,0.09,0.27,17.9,20,3,3,54.4,52,0.09,5.6,5,26.7,55.6,38,418,38,60,42,57,3,3,,,1.58,1.11,2.68,1.5,2.61,54.4,52,41.5,93.5,1.43,1.09,2.52,1.37,2.46,54.4,33.8,20.6,0.54
Crystal Palace,2017,55,2,1,11,2,51.5,0.3,-1.5,-0.04,312,826,37.8,777,110,68.5,46.7,316,93,62.8,612,37,6,32,0.84,13.5,686,447,393,237,56,260,666,39,406,466,117,349,552,1238,1110,22,834,21.95,528,83,90,56,60,17,78,2.05,50,3,7,9,9,0,,,0,425,404,56,703,552,447,9,2,2,2156,752,708,51.5,16114,14109,1949,456,30,83,703,874,210,85,37,68,11809,56,361,11809,16114,73.3,208774,89988,5714,6694,85.4,4344,5524,78.6,1358,2967,45.8,26,33.3,28.6,-7.3,331,1037,273,58,974,27.1,38,90,100,38,418,,,73,0,191,1.16,45,55,-10,-0.26,53.5,48.2,5.2,0.14,45.2,38,20724,2199,6624,9112,5240,797,20714,479,718,66.7,618,482,11644,950,44,466,134,28.8,12.26,3.53,0.08,0.27,17.8,20,8,10,53.5,45.9,0.1,-9.5,-9.9,27.1,45.2,38,418,38,44,26,36,8,10,,,1.16,0.68,1.84,0.95,1.63,53.5,45.9,33.3,79.2,1.41,0.88,2.28,1.21,2.08,53.5,48.2,5.2,0.14
Everton,2017,58,3,0,6,0,56.1,0.3,-1.9,-0.05,322,945,34.1,984,162,64,43.4,340,92.6,67.2,591,27,4.6,51,1.34,14.9,644,447,360,206,78,223,612,36.4,389,426,160,266,514,1158,1308,22,627,16.5,454,58,31,31,41,12,71,1.87,41,4,8,9,5,4,,,2,460,364,82,629,514,447,8,5,0,2046,760,852,47.1,16472,14537,1853,417,25,114,629,850,150,70,62,7,11953,82,397,11953,16472,72.6,221336,88826,5380,6360,84.6,4511,5598,80.6,1579,3385,46.6,26,24.7,24.5,1.3,263,1044,211,70,867,26.7,38,90,100,38,418,,,114,0,152,1.29,44,58,-14,-0.37,40.5,52.4,-11.9,-0.31,45.5,38,20931,2432,7102,9188,4846,599,20923,264,461,57.3,616,381,11776,846,42,351,110,31.3,9.24,2.89,0.11,0.34,17.6,8,5,8,40.5,34.1,0.1,1.5,2.9,26.7,45.5,38,418,38,42,26,37,5,8,,,1.11,0.68,1.79,0.97,1.66,40.5,34.1,24.7,58.8,1.07,0.65,1.71,0.9,1.55,40.5,52.4,-11.9,-0.31
Huddersfield,2017,58,4,0,6,1,51.7,0.3,-5.3,-0.14,360,891,40.4,1083,103,59.4,44.2,304,81.6,57.9,493,31,6.3,55,1.45,14.4,743,502,354,306,83,249,630,39.5,381,453,118,335,518,1261,1129,22,621,16.34,444,52,38,35,36,16,45,1.18,29,4,6,3,3,0,,,2,397,363,67,765,518,502,2,6,1,2141,788,800,49.6,16822,14785,1970,478,26,82,765,927,165,101,32,6,12036,67,415,12036,16822,71.5,222821,88700,5283,6357,83.1,4787,6127,78.1,1549,3270,47.4,19,23.7,19.8,-4.7,260,937,180,77,816,26.4,38,90,100,38,418,,,112,0,154,0.97,28,58,-30,-0.79,31.3,48.5,-17.2,-0.45,45.7,38,21271,2283,7050,9481,5004,526,21269,276,491,56.2,546,416,11815,794,25,360,106,29.4,9.47,2.79,0.06,0.22,18.8,14,2,2,31.3,29.8,0.08,-6.3,-6.8,26.4,45.7,38,418,38,25,19,23,2,2,,,0.66,0.5,1.16,0.61,1.11,31.3,29.8,23.7,53.5,0.82,0.62,1.45,0.78,1.41,31.3,48.5,-17.2,-0.45
Leicester,2017,60,2,3,11,2,50.5,0.29,-7.5,-0.2,338,875,38.6,973,134,60.4,43.5,307,93.5,63.3,563,28,5,66,1.74,16.4,630,417,332,249,49,208,616,33.8,408,465,130,335,414,1044,1007,17,728,19.16,495,83,60,45,38,7,94,2.47,68,8,6,5,7,0,,,4,364,357,92,744,414,417,6,4,2,2154,787,752,51.1,17124,15046,1986,424,63,170,744,954,203,137,28,0,12357,92,370,12357,17124,72.2,226358,89043,5532,6632,83.4,4543,5830,77.9,1720,3430,50.1,38,34.9,31.1,3.1,297,1010,225,72,911,27.2,38,90,100,38,418,,,107,0,159,1.24,56,60,-4,-0.11,50,48.1,1.9,0.05,48,38,21251,2225,6517,10083,4918,673,21245,422,718,58.8,516,358,12160,887,53,417,137,32.9,10.97,3.61,0.12,0.35,17.6,11,5,6,50,45.3,0.11,3,2.7,27.2,48,38,418,38,53,38,48,5,6,,,1.39,1,2.39,1.26,2.26,50,45.3,34.9,80.2,1.32,0.92,2.24,1.19,2.11,50,48.1,1.9,0.05
Liverpool,2017,38,4,0,5,0,36.4,0.3,-1.6,-0.04,130,435,29.9,1023,208,33.2,32.3,204,46.6,42.8,393,25,6.4,67,1.76,17.4,637,450,265,285,87,196,521,37.6,325,388,71,317,379,1016,788,12,1138,29.95,861,71,96,58,35,17,144,3.79,98,5,27,8,5,1,,,0,344,305,70,764,379,450,3,6,0,2258,585,650,47.4,24900,23034,1796,391,106,146,764,896,230,122,69,1,20367,70,382,20367,24900,81.8,367078,125526,8322,9359,88.9,9546,10936,87.3,1998,3478,57.4,58,52.7,47.7,5.3,488,1763,464,67,1769,25.6,38,90,100,38,418,,,111,0,155,1.97,84,38,46,1.21,72.9,33.8,39.1,1.03,60.3,38,28648,1845,6981,14741,7209,1056,28645,440,652,67.5,574,447,20158,1735,82,635,226,35.6,16.71,5.95,0.13,0.35,17.7,22,2,3,72.9,70.6,0.11,9.1,9.4,25.6,60.3,38,418,38,82,58,80,2,3,,,2.16,1.53,3.68,2.11,3.63,72.9,70.6,52.7,123.3,1.92,1.39,3.31,1.86,3.24,72.9,33.8,39.1,1.03
Man City,2017,27,0,1,1,2,25.5,0.28,0.5,0.01,114,239,47.7,996,183,15,26.2,170,52.9,45.7,286,21,7.3,90,2.37,18.6,563,381,257,215,91,195,561,34.8,366,328,53,275,346,909,620,19,1209,31.82,943,73,76,52,52,13,193,5.08,150,8,16,7,10,2,,,2,344,354,67,691,346,381,8,2,2,2104,512,418,55.1,29961,28178,1716,418,118,213,691,779,284,17,141,2,26164,67,404,26164,29961,87.3,421268,127247,13122,14165,92.6,10259,11378,90.2,1810,2720,66.5,85,57.9,60.7,27.1,498,2026,525,44,1756,26.4,38,90,100,38,418,,,106,0,158,2.63,106,27,79,2.08,78.6,23.8,54.8,1.44,71,38,33531,1774,6972,17196,9637,1250,33523,503,732,68.7,553,406,25968,1727,103,656,254,38.7,17.26,6.68,0.15,0.38,17.8,30,6,8,78.6,72.7,0.11,24.4,24.3,26.4,71,38,418,38,103,85,97,6,8,,,2.71,2.24,4.95,2.55,4.79,78.6,72.7,57.9,130.6,2.07,1.52,3.59,1.91,3.44,78.6,23.8,54.8,1.44
Man United,2017,28,1,1,5,2,39.4,0.28,13.4,0.35,238,627,38,817,152,48.5,39.6,297,77.8,55.8,501,17,3.4,21,0.55,12.7,564,369,275,218,71,173,555,31.2,382,382,112,270,481,1045,926,20,916,24.11,700,54,68,45,38,11,117,3.08,81,6,12,12,5,1,,,0,405,422,88,753,481,369,1,1,2,2133,617,493,55.6,21865,19929,1848,456,85,176,753,809,220,111,65,1,17765,88,398,17765,21865,81.2,292677,102013,8463,9383,90.2,6387,7424,86,1751,3131,55.9,53,40.5,42.2,12.5,377,1324,357,73,1196,26.7,38,90,100,38,418,,,111,0,155,2.13,68,28,40,1.05,55.7,40.7,15,0.4,54.7,38,25803,2218,6990,11998,7031,891,25801,466,736,63.3,512,399,17580,1168,67,509,170,33.4,13.39,4.47,0.13,0.39,18.4,21,1,3,55.7,53.3,0.11,11.3,12.7,26.7,54.7,38,418,38,67,53,66,1,3,,,1.76,1.39,3.16,1.74,3.13,55.7,53.3,40.5,93.8,1.47,1.07,2.53,1.4,2.47,55.7,40.7,15,0.4
Newcastle,2017,47,4,0,3,3,48.8,0.3,4.8,0.13,293,801,36.6,880,115,58.8,42.2,339,83.8,56.4,601,39,6.5,32,0.84,12.7,645,426,338,255,52,221,638,34.6,417,475,117,358,441,1086,1219,17,782,20.58,561,72,45,45,39,20,63,1.66,43,7,2,10,1,0,,,1,409,369,63,616,441,426,1,6,3,2021,884,927,48.8,15659,13725,1871,444,67,114,616,837,167,75,58,8,11071,63,355,11071,15659,70.7,199740,86123,5153,6161,83.6,4100,5358,76.5,1385,3119,44.4,29,32.1,26.1,-3.1,321,911,220,75,899,25.6,38,90,100,38,418,,,112,0,154,1.16,39,47,-8,-0.21,41.6,52.4,-10.8,-0.28,41.7,38,20102,2275,6896,8953,4486,598,20101,304,535,56.8,523,410,10901,885,38,450,146,32.4,11.84,3.84,0.08,0.26,19.2,21,0,1,41.6,40.9,0.09,-3.6,-2.9,25.6,41.7,38,418,38,38,29,38,0,1,,,1,0.76,1.76,1,1.76,41.6,40.9,32.1,72.9,1.1,0.84,1.94,1.08,1.92,41.6,52.4,-10.8,-0.28
Southampton,2017,56,1,1,6,0,46.3,0.28,-9.7,-0.25,200,683,29.3,664,118,61.6,43.7,304,90.1,59.3,569,29,5.1,24,0.63,12.1,658,454,342,250,66,244,605,40.3,361,455,128,327,462,1120,1034,25,797,20.97,589,71,54,41,32,10,65,1.71,40,5,9,6,5,0,,,1,416,377,73,800,462,454,3,2,0,2222,687,821,45.6,19027,17044,1910,423,56,169,800,862,227,130,65,7,14336,73,423,14336,19027,75.3,248348,90484,6923,7931,87.3,5463,6720,81.3,1497,3220,46.5,23,29.5,31.3,-6.5,343,1154,288,77,1160,26.2,38,90,100,38,418,,,113,0,153,0.95,37,56,-19,-0.5,39.9,45.2,-5.3,-0.14,51.3,38,23078,2062,6339,11412,5589,698,23075,379,531,71.4,495,379,14124,1130,36,447,136,30.4,11.76,3.58,0.07,0.24,18.1,11,3,3,39.9,37.6,0.09,-3.9,-4.6,26.2,51.3,38,418,38,36,23,33,3,3,,,0.95,0.61,1.55,0.87,1.47,39.9,37.6,29.5,67,1.05,0.78,1.83,0.99,1.76,39.9,45.2,-5.3,-0.14
Stoke,2017,68,5,0,9,2,66.5,0.29,0.5,0.01,402,1029,39.1,1003,117,70.3,43,361,89.8,62.2,648,26,4,43,1.13,14,678,437,370,252,56,228,600,38,372,424,142,282,461,1139,1265,20,669,17.61,463,69,41,44,41,11,62,1.63,39,8,4,7,3,1,,,0,436,375,87,598,461,437,2,5,2,1832,974,774,55.7,14569,12544,1938,460,33,111,598,875,136,73,46,11,10122,87,320,10122,14569,69.5,194246,88522,4435,5386,82.3,3825,5023,76.1,1514,3194,47.4,28,27.4,25.8,0.6,288,921,230,60,899,27.5,38,90,100,38,418,,,92,0,174,0.87,35,68,-33,-0.87,36.5,62.5,-26,-0.69,41.4,38,18885,2513,6398,8529,4222,593,18882,325,507,64.1,532,403,9933,861,34,380,122,32.1,10,3.21,0.09,0.28,18.1,11,0,3,36.5,34.1,0.09,-2.5,-0.1,27.5,41.4,38,418,38,34,28,34,0,3,,,0.89,0.74,1.63,0.89,1.63,36.5,34.1,27.4,61.4,0.96,0.72,1.68,0.9,1.62,36.5,62.5,-26,-0.69
Swansea,2017,56,3,1,5,2,59.5,0.28,5.5,0.14,315,812,38.8,914,159,54.5,42.2,358,87.7,59.9,615,42,6.8,22,0.58,11.4,610,417,286,241,83,221,550,40.2,329,411,124,287,390,1000,1019,21,581,15.29,396,57,47,37,33,11,40,1.05,23,7,1,6,1,2,,,0,377,400,38,694,390,417,1,6,2,1877,687,769,47.2,17437,15500,1899,472,23,141,694,825,150,99,36,2,13223,38,347,13223,17437,75.8,247025,93667,5802,6660,87.1,5291,6513,81.2,1760,3374,52.2,20,20.2,19.7,-0.2,223,973,190,57,871,27.2,38,90,100,38,418,,,109,0,157,0.87,28,56,-28,-0.74,31.6,58.6,-27,-0.71,45.3,38,21191,2452,7069,9865,4489,529,21190,318,523,60.8,503,439,13047,844,27,338,95,28.1,8.89,2.5,0.08,0.27,18.2,15,1,1,31.6,30.8,0.1,-4.6,-4.8,27.2,45.3,38,418,38,27,20,26,1,1,,,0.71,0.53,1.24,0.68,1.21,31.6,30.8,20.2,51,0.83,0.53,1.36,0.81,1.34,31.6,58.6,-27,-0.71
Tottenham,2017,36,2,1,7,1,35,0.27,0,0,159,397,40.1,972,174,29.4,33.3,244,45.5,40.8,452,19,4.2,78,2.05,15.5,618,399,272,259,87,212,537,39.5,325,360,74,286,380,998,878,22,1091,28.71,811,75,68,72,51,14,114,3,81,7,8,11,7,0,,,1,384,394,88,825,380,399,3,3,1,2142,605,583,50.9,23695,21612,1995,483,83,196,825,948,246,95,89,7,19284,88,437,19284,23695,81.4,363817,126434,7604,8618,88.2,9105,10458,87.1,2278,3694,61.7,51,49,43.6,2,462,1793,394,63,1692,25.8,38,90,100,38,418,,,108,0,157,2.03,74,36,38,1,64.7,33.9,30.8,0.81,61.8,38,27705,2087,7159,13440,7379,938,27702,436,719,60.6,534,460,19042,1650,70,620,209,33.7,16.32,5.5,0.11,0.33,18.4,28,2,3,64.7,62.3,0.1,5.3,5.7,25.8,61.8,38,418,38,70,51,68,2,3,,,1.84,1.34,3.18,1.79,3.13,64.7,62.3,49,111.3,1.7,1.29,2.99,1.64,2.93,64.7,33.9,30.8,0.81
Watford,2017,64,6,1,9,1,55.9,0.33,-7.1,-0.19,320,804,39.8,889,146,66.1,44.4,260,83.1,56.9,524,25,4.8,27,0.71,12.6,668,432,337,263,68,237,609,38.9,372,359,98,261,467,1135,997,17,764,20.11,526,73,59,47,40,19,69,1.82,41,5,8,10,5,0,,,1,441,381,74,713,467,432,6,6,1,2105,841,883,48.8,17513,15484,1955,484,27,138,713,926,183,92,62,2,12758,74,438,12758,17513,72.8,225604,93077,6170,7329,84.2,4621,5948,77.7,1528,3090,49.4,27,29.2,29.4,-2.2,320,1071,285,79,1067,27.9,38,90,100,38,418,,,111,0,155,1.08,44,64,-20,-0.53,45,51.8,-6.8,-0.18,49.7,38,21628,2101,6330,10194,5338,778,21622,332,565,58.8,547,410,12556,1027,42,434,126,29,11.42,3.32,0.09,0.31,17.9,10,3,6,45,40.2,0.09,-3,-1.2,27.9,49.7,38,418,38,42,27,39,3,6,,,1.11,0.71,1.82,1.03,1.74,45,40.2,29.2,69.4,1.19,0.77,1.95,1.06,1.83,45,51.8,-6.8,-0.18
West Brom,2017,56,1,2,7,2,46,0.3,-8,-0.21,353,920,38.4,823,70,71.8,48.6,345,95.4,65.4,614,40,6.5,27,0.71,12.7,603,385,336,204,63,218,625,34.9,407,420,148,272,470,1073,1087,9,648,17.05,449,78,39,33,38,11,51,1.34,35,6,4,3,3,0,,,0,440,345,79,784,470,385,0,1,2,2094,785,784,50,15004,13059,1866,394,34,96,784,855,176,122,32,11,10495,79,348,10495,15004,69.9,201340,89341,4694,5597,83.9,3898,5098,76.5,1590,3408,46.7,24,25.9,26.9,-1.9,272,967,228,115,800,29.1,38,90,100,38,418,,,108,0,157,0.82,31,56,-25,-0.66,36.5,47.9,-11.4,-0.3,40.7,38,19132,2311,6723,8196,4425,584,19131,321,527,60.9,532,446,10303,772,31,377,111,29.4,9.92,2.92,0.08,0.27,17.7,15,1,1,36.5,35.7,0.1,-5.5,-5.7,29.1,40.7,38,418,38,31,24,30,1,1,,,0.82,0.63,1.45,0.79,1.42,36.5,35.7,25.9,61.6,0.96,0.68,1.64,0.94,1.62,36.5,47.9,-11.4,-0.3
West Ham,2017,68,5,1,10,1,60.6,0.31,-6.4,-0.17,329,914,36,824,99,72.5,48.5,339,93.5,62.8,600,17,2.8,42,1.11,14.9,621,410,327,238,56,235,620,37.9,385,437,154,283,482,1103,1085,17,657,17.29,457,64,58,23,48,7,79,2.08,51,5,9,7,5,2,,,1,379,450,97,733,482,410,4,6,1,2017,743,771,49.1,16197,14112,1988,482,51,134,733,900,161,98,37,5,11779,97,396,11779,16197,72.7,221883,87790,5113,6041,84.6,4678,5850,80,1633,3407,47.9,29,24.9,22.7,4.1,278,989,233,78,847,28,38,90,100,38,418,,,97,0,167,1.11,48,68,-20,-0.53,36.7,55.1,-18.4,-0.48,45.2,38,20404,2280,6224,9832,4602,590,20400,423,642,65.9,503,389,11584,819,48,368,127,34.5,9.68,3.34,0.13,0.36,18.2,17,2,4,36.7,33.6,0.09,11.3,12.4,28,45.2,38,418,38,48,29,46,2,4,,,1.26,0.76,2.03,1.21,1.97,36.7,33.6,24.9,58.4,0.97,0.65,1.62,0.88,1.54,36.7,55.1,-18.4,-0.48